Run,Wave,Run Time,Total Time,Agent,Agent Type,Position,Speed,Interval to Next,Phase,Group ID,Agent Combination
1,1,0,1,Lucky grass,Reward,Top-Left,1,3,Single-Agent,1-1-S1,
1,1,3,4,Toxic Vine,Threat,Top-Right,1,3,Single-Agent,1-1-S2,
1,1,6,7,Fat Mushroom,Coactivation,Bottom-Left,1,3,Single-Agent,1-1-S3,
1,1,9,10,Tall Mushroom,Coactivation,Bottom-Right,1,5,Single-Agent,1-1-S4,
1,1,14,15,Tall Mushroom,Reward,Top-Left,1,0,Multi-Agent,1-1-M1,"('Lucky grass', 'Toxic Vine')"
1,1,14,15,Toxic Vine,Threat,Bottom-Right,1,3,Multi-Agent,1-1-M1,"('Lucky grass', 'Toxic Vine')"
1,1,17,18,Fat Mushroom,Threat,Top-Right,1,0,Multi-Agent,1-1-M2,"('Fat Mushroom', 'Toxic Vine')"
1,1,17,18,Lucky grass,Coactivation,Bottom-Left,1,3,Multi-Agent,1-1-M2,"('Fat Mushroom', 'Toxic Vine')"
1,1,17,18,Toxic Vine,Threat,Top-Right,1,0,Multi-Agent,1-1-M2,"('Fat Mushroom', 'Toxic Vine')"
1,1,20,21,Fat Mushroom,Reward,Top-Right,1,0,Multi-Agent,1-1-M3,"('Lucky grass', 'Tall Mushroom')"
1,1,20,21,Lucky grass,Coactivation,Bottom-Left,1,3,Multi-Agent,1-1-M3,"('Lucky grass', 'Tall Mushroom')"
1,1,20,21,Tall Mushroom,Reward,Top-Right,1,0,Multi-Agent,1-1-M3,"('Lucky grass', 'Tall Mushroom')"
1,1,20,21,Toxic Vine,Coactivation,Bottom-Left,1,3,Multi-Agent,1-1-M3,"('Lucky grass', 'Tall Mushroom')"
1,1,23,24,Tall Mushroom,Threat,Top-Right,1,0,Multi-Agent,1-1-M4,"('Tall Mushroom', 'Toxic Vine')"
1,1,23,24,Toxic Vine,Coactivation,Bottom-Left,1,3,Multi-Agent,1-1-M4,"('Tall Mushroom', 'Toxic Vine')"
1,1,26,27,Tall Mushroom,Threat,Top-Left,1,0,Multi-Agent,1-1-M5,"('Tall Mushroom', 'Toxic Vine')"
1,1,26,27,Toxic Vine,Coactivation,Bottom-Right,1,9,Multi-Agent,1-1-M5,"('Tall Mushroom', 'Toxic Vine')"
1,2,35,36,Lucky grass,Reward,Top-Left,1.05,3,Single-Agent,1-2-S1,
1,2,38,39,Toxic Vine,Threat,Top-Right,1.05,3,Single-Agent,1-2-S2,
1,2,41,42,Fat Mushroom,Coactivation,Bottom-Left,1.05,3,Single-Agent,1-2-S3,
1,2,44,45,Tall Mushroom,Coactivation,Bottom-Right,1.05,5,Single-Agent,1-2-S4,
1,2,49,50,Lucky grass,Coactivation,Top-Left,1.05,0,Multi-Agent,1-2-M1,"('Fat Mushroom', 'Tall Mushroom')"
1,2,49,50,Tall Mushroom,Coactivation,Bottom-Right,1.05,2.8,Multi-Agent,1-2-M1,"('Fat Mushroom', 'Tall Mushroom')"
1,2,49,50,Toxic Vine,Coactivation,Top-Left,1.05,0,Multi-Agent,1-2-M1,"('Fat Mushroom', 'Tall Mushroom')"
1,2,51.8,52.8,Fat Mushroom,Reward,Top-Left,1.05,0,Multi-Agent,1-2-M2,"('Lucky grass', 'Tall Mushroom')"
1,2,51.8,52.8,Tall Mushroom,Coactivation,Bottom-Right,1.05,2.8,Multi-Agent,1-2-M2,"('Lucky grass', 'Tall Mushroom')"
1,2,51.8,52.8,Toxic Vine,Reward,Top-Left,1.05,0,Multi-Agent,1-2-M2,"('Lucky grass', 'Tall Mushroom')"
1,2,54.6,55.6,Fat Mushroom,Reward,Top-Left,1.05,0,Multi-Agent,1-2-M3,"('Fat Mushroom', 'Lucky grass')"
1,2,54.6,55.6,Lucky grass,Coactivation,Bottom-Right,1.05,2.8,Multi-Agent,1-2-M3,"('Fat Mushroom', 'Lucky grass')"
1,2,57.4,58.4,Tall Mushroom,Threat,Top-Left,1.05,0,Multi-Agent,1-2-M4,"('Tall Mushroom', 'Toxic Vine')"
1,2,57.4,58.4,Toxic Vine,Coactivation,Bottom-Right,1.05,2.8,Multi-Agent,1-2-M4,"('Tall Mushroom', 'Toxic Vine')"
1,2,60.2,61.2,Fat Mushroom,Threat,Top-Right,1.05,0,Multi-Agent,1-2-M5,"('Fat Mushroom', 'Toxic Vine')"
1,2,60.2,61.2,Lucky grass,Coactivation,Bottom-Left,1.05,2.8,Multi-Agent,1-2-M5,"('Fat Mushroom', 'Toxic Vine')"
1,2,60.2,61.2,Tall Mushroom,Threat,Top-Right,1.05,0,Multi-Agent,1-2-M5,"('Fat Mushroom', 'Toxic Vine')"
1,2,63,64,Fat Mushroom,Reward,Top-Left,1.05,0,Multi-Agent,1-2-M6,"('Lucky grass', 'Toxic Vine')"
1,2,63,64,Lucky grass,Threat,Bottom-Right,1.05,7,Multi-Agent,1-2-M6,"('Lucky grass', 'Toxic Vine')"
1,3,70,71,Lucky grass,Reward,Top-Left,1.1,3,Single-Agent,1-3-S1,
1,3,73,74,Toxic Vine,Threat,Top-Right,1.1,3,Single-Agent,1-3-S2,
1,3,76,77,Fat Mushroom,Coactivation,Bottom-Left,1.1,3,Single-Agent,1-3-S3,
1,3,79,80,Tall Mushroom,Coactivation,Bottom-Right,1.1,5,Single-Agent,1-3-S4,
1,3,84,85,Fat Mushroom,Reward,Top-Right,1.1,0,Multi-Agent,1-3-M1,"('Fat Mushroom', 'Lucky grass')"
1,3,84,85,Lucky grass,Coactivation,Bottom-Left,1.1,2.6,Multi-Agent,1-3-M1,"('Fat Mushroom', 'Lucky grass')"
1,3,86.6,87.6,Fat Mushroom,Reward,Top-Right,1.1,0,Multi-Agent,1-3-M2,"('Lucky grass', 'Tall Mushroom')"
1,3,86.6,87.6,Lucky grass,Coactivation,Bottom-Left,1.1,2.6,Multi-Agent,1-3-M2,"('Lucky grass', 'Tall Mushroom')"
1,3,86.6,87.6,Toxic Vine,Reward,Top-Right,1.1,0,Multi-Agent,1-3-M2,"('Lucky grass', 'Tall Mushroom')"
1,3,89.2,90.2,Fat Mushroom,Reward,Top-Right,1.1,0,Multi-Agent,1-3-M3,"('Lucky grass', 'Toxic Vine')"
1,3,89.2,90.2,Lucky grass,Threat,Bottom-Left,1.1,2.6,Multi-Agent,1-3-M3,"('Lucky grass', 'Toxic Vine')"
1,3,89.2,90.2,Tall Mushroom,Reward,Top-Right,1.1,0,Multi-Agent,1-3-M3,"('Lucky grass', 'Toxic Vine')"
1,3,89.2,90.2,Toxic Vine,Threat,Bottom-Left,1.1,2.6,Multi-Agent,1-3-M3,"('Lucky grass', 'Toxic Vine')"
1,3,91.8,92.8,Lucky grass,Reward,Top-Left,1.1,0,Multi-Agent,1-3-M4,"('Lucky grass', 'Tall Mushroom')"
1,3,91.8,92.8,Tall Mushroom,Coactivation,Bottom-Right,1.1,2.6,Multi-Agent,1-3-M4,"('Lucky grass', 'Tall Mushroom')"
1,3,91.8,92.8,Toxic Vine,Reward,Top-Left,1.1,0,Multi-Agent,1-3-M4,"('Lucky grass', 'Tall Mushroom')"
1,3,94.4,95.4,Fat Mushroom,Threat,Top-Right,1.1,0,Multi-Agent,1-3-M5,"('Fat Mushroom', 'Toxic Vine')"
1,3,94.4,95.4,Tall Mushroom,Coactivation,Bottom-Left,1.1,2.6,Multi-Agent,1-3-M5,"('Fat Mushroom', 'Toxic Vine')"
1,3,94.4,95.4,Toxic Vine,Threat,Top-Right,1.1,0,Multi-Agent,1-3-M5,"('Fat Mushroom', 'Toxic Vine')"
1,3,97,98,Fat Mushroom,Coactivation,Top-Right,1.1,0,Multi-Agent,1-3-M6,"('Fat Mushroom', 'Tall Mushroom')"
1,3,97,98,Lucky grass,Coactivation,Bottom-Left,1.1,3,Multi-Agent,1-3-M6,"('Fat Mushroom', 'Tall Mushroom')"
1,3,97,98,Tall Mushroom,Coactivation,Top-Right,1.1,0,Multi-Agent,1-3-M6,"('Fat Mushroom', 'Tall Mushroom')"
2,1,0,101,Lucky grass,Reward,Top-Left,1.15,3,Single-Agent,2-1-S1,
2,1,3,104,Toxic Vine,Threat,Top-Right,1.15,3,Single-Agent,2-1-S2,
2,1,6,107,Fat Mushroom,Coactivation,Bottom-Left,1.15,3,Single-Agent,2-1-S3,
2,1,9,110,Tall Mushroom,Coactivation,Bottom-Right,1.15,5,Single-Agent,2-1-S4,
2,1,14,115,Fat Mushroom,Reward,Top-Left,1.15,0,Multi-Agent,2-1-M1,"('Lucky grass', 'Tall Mushroom')"
2,1,14,115,Lucky grass,Coactivation,Bottom-Right,1.15,2.4,Multi-Agent,2-1-M1,"('Lucky grass', 'Tall Mushroom')"
2,1,16.4,117.4,Fat Mushroom,Threat,Top-Right,1.15,0,Multi-Agent,2-1-M2,"('Fat Mushroom', 'Toxic Vine')"
2,1,16.4,117.4,Tall Mushroom,Coactivation,Bottom-Left,1.15,2.4,Multi-Agent,2-1-M2,"('Fat Mushroom', 'Toxic Vine')"
2,1,16.4,117.4,Toxic Vine,Threat,Top-Right,1.15,0,Multi-Agent,2-1-M2,"('Fat Mushroom', 'Toxic Vine')"
2,1,18.8,119.8,Fat Mushroom,Reward,Top-Left,1.15,0,Multi-Agent,2-1-M3,"('Fat Mushroom', 'Lucky grass')"
2,1,18.8,119.8,Lucky grass,Coactivation,Bottom-Right,1.15,2.4,Multi-Agent,2-1-M3,"('Fat Mushroom', 'Lucky grass')"
2,1,21.2,122.2,Fat Mushroom,Coactivation,Top-Left,1.15,0,Multi-Agent,2-1-M4,"('Fat Mushroom', 'Tall Mushroom')"
2,1,21.2,122.2,Lucky grass,Coactivation,Bottom-Right,1.15,2.4,Multi-Agent,2-1-M4,"('Fat Mushroom', 'Tall Mushroom')"
2,1,21.2,122.2,Tall Mushroom,Coactivation,Top-Left,1.15,0,Multi-Agent,2-1-M4,"('Fat Mushroom', 'Tall Mushroom')"
2,1,23.6,124.6,Fat Mushroom,Threat,Top-Right,1.15,0,Multi-Agent,2-1-M5,"('Fat Mushroom', 'Toxic Vine')"
2,1,23.6,124.6,Lucky grass,Coactivation,Bottom-Left,1.15,2.4,Multi-Agent,2-1-M5,"('Fat Mushroom', 'Toxic Vine')"
2,1,23.6,124.6,Toxic Vine,Threat,Top-Right,1.15,0,Multi-Agent,2-1-M5,"('Fat Mushroom', 'Toxic Vine')"
2,1,26,127,Fat Mushroom,Coactivation,Top-Right,1.15,0,Multi-Agent,2-1-M6,"('Fat Mushroom', 'Tall Mushroom')"
2,1,26,127,Lucky grass,Coactivation,Bottom-Left,1.15,2.4,Multi-Agent,2-1-M6,"('Fat Mushroom', 'Tall Mushroom')"
2,1,26,127,Tall Mushroom,Coactivation,Top-Right,1.15,0,Multi-Agent,2-1-M6,"('Fat Mushroom', 'Tall Mushroom')"
2,1,26,127,Toxic Vine,Coactivation,Bottom-Left,1.15,2.4,Multi-Agent,2-1-M6,"('Fat Mushroom', 'Tall Mushroom')"
2,1,28.4,129.4,Fat Mushroom,Reward,Top-Left,1.15,0,Multi-Agent,2-1-M7,"('Lucky grass', 'Toxic Vine')"
2,1,28.4,129.4,Lucky grass,Threat,Bottom-Right,1.15,6.6,Multi-Agent,2-1-M7,"('Lucky grass', 'Toxic Vine')"
2,1,28.4,129.4,Tall Mushroom,Reward,Top-Left,1.15,0,Multi-Agent,2-1-M7,"('Lucky grass', 'Toxic Vine')"
2,2,35,136,Lucky grass,Reward,Top-Left,1.2,3,Single-Agent,2-2-S1,
2,2,38,139,Toxic Vine,Threat,Top-Right,1.2,3,Single-Agent,2-2-S2,
2,2,41,142,Fat Mushroom,Coactivation,Bottom-Left,1.2,3,Single-Agent,2-2-S3,
2,2,44,145,Tall Mushroom,Coactivation,Bottom-Right,1.2,5,Single-Agent,2-2-S4,
2,2,49,150,Lucky grass,Reward,Bottom-Right,1.2,0,Multi-Agent,2-2-M1,"('Lucky grass', 'Toxic Vine')"
2,2,49,150,Tall Mushroom,Threat,Top-Right,1.2,2.2,Multi-Agent,2-2-M1,"('Lucky grass', 'Toxic Vine')"
2,2,49,150,Toxic Vine,Reward,Bottom-Right,1.2,0,Multi-Agent,2-2-M1,"('Lucky grass', 'Toxic Vine')"
2,2,51.2,152.2,Fat Mushroom,Threat,Top-Right,1.2,0,Multi-Agent,2-2-M2,"('Fat Mushroom', 'Toxic Vine')"
2,2,51.2,152.2,Tall Mushroom,Coactivation,Top-Left,1.2,2.2,Multi-Agent,2-2-M2,"('Fat Mushroom', 'Toxic Vine')"
2,2,51.2,152.2,Toxic Vine,Threat,Top-Right,1.2,0,Multi-Agent,2-2-M2,"('Fat Mushroom', 'Toxic Vine')"
2,2,53.4,154.4,Fat Mushroom,Reward,Top-Left,1.2,0,Multi-Agent,2-2-M3,"('Fat Mushroom', 'Lucky grass', 'Tall Mushroom')"
2,2,53.4,154.4,Lucky grass,Coactivation,Top-Right,1.2,0,Multi-Agent,2-2-M3,"('Fat Mushroom', 'Lucky grass', 'Tall Mushroom')"
2,2,53.4,154.4,Tall Mushroom,Coactivation,Bottom-Right,1.2,2.2,Multi-Agent,2-2-M3,"('Fat Mushroom', 'Lucky grass', 'Tall Mushroom')"
2,2,55.6,156.6,Lucky grass,Reward,Bottom-Right,1.2,0,Multi-Agent,2-2-M4,"('Lucky grass', 'Tall Mushroom')"
2,2,55.6,156.6,Tall Mushroom,Coactivation,Bottom-Left,1.2,2.2,Multi-Agent,2-2-M4,"('Lucky grass', 'Tall Mushroom')"
2,2,57.8,158.8,Fat Mushroom,Coactivation,Top-Left,1.2,0,Multi-Agent,2-2-M5,"('Fat Mushroom', 'Tall Mushroom')"
2,2,57.8,158.8,Lucky grass,Coactivation,Bottom-Left,1.2,2.2,Multi-Agent,2-2-M5,"('Fat Mushroom', 'Tall Mushroom')"
2,2,57.8,158.8,Tall Mushroom,Coactivation,Top-Left,1.2,0,Multi-Agent,2-2-M5,"('Fat Mushroom', 'Tall Mushroom')"
2,2,60,161,Tall Mushroom,Threat,Top-Left,1.2,0,Multi-Agent,2-2-M6,"('Tall Mushroom', 'Toxic Vine')"
2,2,60,161,Toxic Vine,Coactivation,Bottom-Right,1.2,2.2,Multi-Agent,2-2-M6,"('Tall Mushroom', 'Toxic Vine')"
2,2,62.2,163.2,Lucky grass,Reward,Top-Right,1.2,0,Multi-Agent,2-2-M7,"('Lucky grass', 'Toxic Vine')"
2,2,62.2,163.2,Tall Mushroom,Threat,Bottom-Right,1.2,7.8,Multi-Agent,2-2-M7,"('Lucky grass', 'Toxic Vine')"
2,2,62.2,163.2,Toxic Vine,Reward,Top-Right,1.2,0,Multi-Agent,2-2-M7,"('Lucky grass', 'Toxic Vine')"
2,3,70,171,Lucky grass,Reward,Top-Left,1.25,3,Single-Agent,2-3-S1,
2,3,73,174,Toxic Vine,Threat,Top-Right,1.25,3,Single-Agent,2-3-S2,
2,3,76,177,Fat Mushroom,Coactivation,Bottom-Left,1.25,3,Single-Agent,2-3-S3,
2,3,79,180,Tall Mushroom,Coactivation,Bottom-Right,1.25,5,Single-Agent,2-3-S4,
2,3,84,185,Fat Mushroom,Reward,Bottom-Right,1.25,0,Multi-Agent,2-3-M1,"('Lucky grass', 'Toxic Vine')"
2,3,84,185,Tall Mushroom,Threat,Top-Left,1.25,2,Multi-Agent,2-3-M1,"('Lucky grass', 'Toxic Vine')"
2,3,84,185,Toxic Vine,Reward,Bottom-Right,1.25,0,Multi-Agent,2-3-M1,"('Lucky grass', 'Toxic Vine')"
2,3,86,187,Tall Mushroom,Threat,Top-Right,1.25,0,Multi-Agent,2-3-M2,"('Tall Mushroom', 'Toxic Vine')"
2,3,86,187,Toxic Vine,Coactivation,Bottom-Right,1.25,2,Multi-Agent,2-3-M2,"('Tall Mushroom', 'Toxic Vine')"
2,3,88,189,Fat Mushroom,Coactivation,Bottom-Right,1.25,0,Multi-Agent,2-3-M3,"('Fat Mushroom', 'Tall Mushroom')"
2,3,88,189,Lucky grass,Coactivation,Top-Left,1.25,2,Multi-Agent,2-3-M3,"('Fat Mushroom', 'Tall Mushroom')"
2,3,88,189,Tall Mushroom,Coactivation,Bottom-Right,1.25,0,Multi-Agent,2-3-M3,"('Fat Mushroom', 'Tall Mushroom')"
2,3,90,191,Lucky grass,Reward,Bottom-Left,1.25,0,Multi-Agent,2-3-M4,"('Lucky grass', 'Tall Mushroom')"
2,3,90,191,Tall Mushroom,Coactivation,Bottom-Right,1.25,2,Multi-Agent,2-3-M4,"('Lucky grass', 'Tall Mushroom')"
2,3,92,193,Fat Mushroom,Threat,Top-Left,1.25,0,Multi-Agent,2-3-M5,"('Fat Mushroom', 'Toxic Vine')"
2,3,92,193,Lucky grass,Coactivation,Bottom-Right,1.25,2,Multi-Agent,2-3-M5,"('Fat Mushroom', 'Toxic Vine')"
2,3,92,193,Tall Mushroom,Threat,Top-Left,1.25,0,Multi-Agent,2-3-M5,"('Fat Mushroom', 'Toxic Vine')"
2,3,94,195,Fat Mushroom,Coactivation,Bottom-Left,1.25,0,Multi-Agent,2-3-M6,"('Fat Mushroom', 'Tall Mushroom')"
2,3,94,195,Tall Mushroom,Coactivation,Bottom-Right,1.25,2,Multi-Agent,2-3-M6,"('Fat Mushroom', 'Tall Mushroom')"
2,3,96,197,Lucky grass,Reward,Bottom-Right,1.25,0,Multi-Agent,2-3-M7,"('Lucky grass', 'Tall Mushroom', 'Toxic Vine')"
2,3,96,197,Tall Mushroom,Threat,Top-Right,1.25,0,Multi-Agent,2-3-M7,"('Lucky grass', 'Tall Mushroom', 'Toxic Vine')"
2,3,96,197,Toxic Vine,Coactivation,Bottom-Left,1.25,2,Multi-Agent,2-3-M7,"('Lucky grass', 'Tall Mushroom', 'Toxic Vine')"
2,3,98,199,Fat Mushroom,Threat,Top-Right,1.25,0,Multi-Agent,2-3-M8,"('Fat Mushroom', 'Toxic Vine')"
2,3,98,199,Lucky grass,Coactivation,Bottom-Right,1.25,2,Multi-Agent,2-3-M8,"('Fat Mushroom', 'Toxic Vine')"
2,3,98,199,Tall Mushroom,Threat,Top-Right,1.25,0,Multi-Agent,2-3-M8,"('Fat Mushroom', 'Toxic Vine')"
3,1,0,201,Lucky grass,Reward,Top-Left,1.3,3,Single-Agent,3-1-S1,
3,1,3,204,Toxic Vine,Threat,Top-Right,1.3,3,Single-Agent,3-1-S2,
3,1,6,207,Fat Mushroom,Coactivation,Bottom-Left,1.3,3,Single-Agent,3-1-S3,
3,1,9,210,Tall Mushroom,Coactivation,Bottom-Right,1.3,5,Single-Agent,3-1-S4,
3,1,14,215,Fat Mushroom,Coactivation,Bottom-Left,1.3,0,Multi-Agent,3-1-M1,"('Fat Mushroom', 'Tall Mushroom')"
3,1,14,215,Tall Mushroom,Coactivation,Bottom-Right,1.3,1.8,Multi-Agent,3-1-M1,"('Fat Mushroom', 'Tall Mushroom')"
3,1,15.8,216.8,Fat Mushroom,Threat,Bottom-Right,1.3,0,Multi-Agent,3-1-M2,"('Fat Mushroom', 'Toxic Vine')"
3,1,15.8,216.8,Toxic Vine,Coactivation,Top-Right,1.3,1.8,Multi-Agent,3-1-M2,"('Fat Mushroom', 'Toxic Vine')"
3,1,17.6,218.6,Fat Mushroom,Coactivation,Top-Left,1.3,0,Multi-Agent,3-1-M3,"('Fat Mushroom', 'Tall Mushroom')"
3,1,17.6,218.6,Tall Mushroom,Coactivation,Bottom-Right,1.3,1.8,Multi-Agent,3-1-M3,"('Fat Mushroom', 'Tall Mushroom')"
3,1,19.4,220.4,Fat Mushroom,Reward,Bottom-Right,1.3,0,Multi-Agent,3-1-M4,"('Fat Mushroom', 'Lucky grass')"
3,1,19.4,220.4,Lucky grass,Coactivation,Bottom-Left,1.3,1.8,Multi-Agent,3-1-M4,"('Fat Mushroom', 'Lucky grass')"
3,1,21.2,222.2,Fat Mushroom,Threat,Top-Left,1.3,0,Multi-Agent,3-1-M5,"('Fat Mushroom', 'Tall Mushroom', 'Toxic Vine')"
3,1,21.2,222.2,Tall Mushroom,Coactivation,Top-Right,1.3,0,Multi-Agent,3-1-M5,"('Fat Mushroom', 'Tall Mushroom', 'Toxic Vine')"
3,1,21.2,222.2,Toxic Vine,Coactivation,Bottom-Right,1.3,1.8,Multi-Agent,3-1-M5,"('Fat Mushroom', 'Tall Mushroom', 'Toxic Vine')"
3,1,23,224,Lucky grass,Reward,Top-Left,1.3,0,Multi-Agent,3-1-M6,"('Lucky grass', 'Tall Mushroom', 'Toxic Vine')"
3,1,23,224,Tall Mushroom,Threat,Bottom-Left,1.3,0,Multi-Agent,3-1-M6,"('Lucky grass', 'Tall Mushroom', 'Toxic Vine')"
3,1,23,224,Toxic Vine,Coactivation,Bottom-Right,1.3,1.8,Multi-Agent,3-1-M6,"('Lucky grass', 'Tall Mushroom', 'Toxic Vine')"
3,1,24.8,225.8,Fat Mushroom,Threat,Top-Left,1.3,0,Multi-Agent,3-1-M7,"('Fat Mushroom', 'Toxic Vine')"
3,1,24.8,225.8,Toxic Vine,Coactivation,Bottom-Right,1.3,1.8,Multi-Agent,3-1-M7,"('Fat Mushroom', 'Toxic Vine')"
3,1,26.6,227.6,Fat Mushroom,Threat,Bottom-Right,1.3,0,Multi-Agent,3-1-M8,"('Fat Mushroom', 'Tall Mushroom', 'Toxic Vine')"
3,1,26.6,227.6,Tall Mushroom,Coactivation,Top-Left,1.3,0,Multi-Agent,3-1-M8,"('Fat Mushroom', 'Tall Mushroom', 'Toxic Vine')"
3,1,26.6,227.6,Toxic Vine,Coactivation,Top-Right,1.3,1.8,Multi-Agent,3-1-M8,"('Fat Mushroom', 'Tall Mushroom', 'Toxic Vine')"
3,1,28.4,229.4,Lucky grass,Reward,Top-Right,1.3,0,Multi-Agent,3-1-M9,"('Lucky grass', 'Toxic Vine')"
3,1,28.4,229.4,Toxic Vine,Threat,Top-Left,1.3,6.6,Multi-Agent,3-1-M9,"('Lucky grass', 'Toxic Vine')"
3,2,35,236,Lucky grass,Reward,Top-Left,1.35,3,Single-Agent,3-2-S1,
3,2,38,239,Toxic Vine,Threat,Top-Right,1.35,3,Single-Agent,3-2-S2,
3,2,41,242,Fat Mushroom,Coactivation,Bottom-Left,1.35,3,Single-Agent,3-2-S3,
3,2,44,245,Tall Mushroom,Coactivation,Bottom-Right,1.35,5,Single-Agent,3-2-S4,
3,2,49,250,Fat Mushroom,Threat,Bottom-Right,1.35,0,Multi-Agent,3-2-M1,"('Fat Mushroom', 'Toxic Vine')"
3,2,49,250,Toxic Vine,Coactivation,Top-Left,1.35,1.6,Multi-Agent,3-2-M1,"('Fat Mushroom', 'Toxic Vine')"
3,2,50.6,251.6,Tall Mushroom,Threat,Top-Right,1.35,0,Multi-Agent,3-2-M2,"('Tall Mushroom', 'Toxic Vine')"
3,2,50.6,251.6,Toxic Vine,Coactivation,Top-Left,1.35,1.6,Multi-Agent,3-2-M2,"('Tall Mushroom', 'Toxic Vine')"
3,2,52.2,253.2,Fat Mushroom,Reward,Bottom-Left,1.35,0,Multi-Agent,3-2-M3,"('Fat Mushroom', 'Lucky grass', 'Tall Mushroom')"
3,2,52.2,253.2,Lucky grass,Coactivation,Top-Left,1.35,0,Multi-Agent,3-2-M3,"('Fat Mushroom', 'Lucky grass', 'Tall Mushroom')"
3,2,52.2,253.2,Tall Mushroom,Coactivation,Bottom-Right,1.35,1.6,Multi-Agent,3-2-M3,"('Fat Mushroom', 'Lucky grass', 'Tall Mushroom')"
3,2,53.8,254.8,Fat Mushroom,Coactivation,Bottom-Right,1.35,0,Multi-Agent,3-2-M4,"('Fat Mushroom', 'Tall Mushroom')"
3,2,53.8,254.8,Tall Mushroom,Coactivation,Bottom-Left,1.35,1.6,Multi-Agent,3-2-M4,"('Fat Mushroom', 'Tall Mushroom')"
3,2,55.4,256.4,Lucky grass,Reward,Top-Left,1.35,0,Multi-Agent,3-2-M5,"('Lucky grass', 'Tall Mushroom')"
3,2,55.4,256.4,Tall Mushroom,Coactivation,Bottom-Right,1.35,1.6,Multi-Agent,3-2-M5,"('Lucky grass', 'Tall Mushroom')"
3,2,57,258,Fat Mushroom,Reward,Bottom-Left,1.35,0,Multi-Agent,3-2-M6,"('Fat Mushroom', 'Lucky grass')"
3,2,57,258,Lucky grass,Coactivation,Bottom-Right,1.35,1.6,Multi-Agent,3-2-M6,"('Fat Mushroom', 'Lucky grass')"
3,2,58.6,259.6,Fat Mushroom,Threat,Bottom-Right,1.35,0,Multi-Agent,3-2-M7,"('Fat Mushroom', 'Tall Mushroom', 'Toxic Vine')"
3,2,58.6,259.6,Tall Mushroom,Coactivation,Top-Left,1.35,0,Multi-Agent,3-2-M7,"('Fat Mushroom', 'Tall Mushroom', 'Toxic Vine')"
3,2,58.6,259.6,Toxic Vine,Coactivation,Top-Right,1.35,1.6,Multi-Agent,3-2-M7,"('Fat Mushroom', 'Tall Mushroom', 'Toxic Vine')"
3,2,60.2,261.2,Fat Mushroom,Reward,Bottom-Right,1.35,0,Multi-Agent,3-2-M8,"('Fat Mushroom', 'Lucky grass')"
3,2,60.2,261.2,Lucky grass,Coactivation,Bottom-Left,1.35,1.6,Multi-Agent,3-2-M8,"('Fat Mushroom', 'Lucky grass')"
3,2,61.8,262.8,Tall Mushroom,Threat,Bottom-Right,1.35,0,Multi-Agent,3-2-M9,"('Tall Mushroom', 'Toxic Vine')"
3,2,61.8,262.8,Toxic Vine,Coactivation,Top-Left,1.35,1.6,Multi-Agent,3-2-M9,"('Tall Mushroom', 'Toxic Vine')"
3,2,63.4,264.4,Lucky grass,Reward,Top-Left,1.35,0,Multi-Agent,3-2-M10,"('Lucky grass', 'Toxic Vine')"
3,2,63.4,264.4,Toxic Vine,Threat,Bottom-Left,1.35,6.6,Multi-Agent,3-2-M10,"('Lucky grass', 'Toxic Vine')"
3,3,70,271,Lucky grass,Reward,Top-Left,1.4,3,Single-Agent,3-3-S1,
3,3,73,274,Toxic Vine,Threat,Top-Right,1.4,3,Single-Agent,3-3-S2,
3,3,76,277,Fat Mushroom,Coactivation,Bottom-Left,1.4,3,Single-Agent,3-3-S3,
3,3,79,280,Tall Mushroom,Coactivation,Bottom-Right,1.4,5,Single-Agent,3-3-S4,
3,3,84,285,Lucky grass,Reward,Bottom-Right,1.4,0,Multi-Agent,3-3-M1,"('Lucky grass', 'Toxic Vine')"
3,3,84,285,Toxic Vine,Threat,Top-Right,1.4,1.4,Multi-Agent,3-3-M1,"('Lucky grass', 'Toxic Vine')"
3,3,85.4,286.4,Fat Mushroom,Threat,Top-Right,1.4,0,Multi-Agent,3-3-M2,"('Fat Mushroom', 'Tall Mushroom', 'Toxic Vine')"
3,3,85.4,286.4,Tall Mushroom,Coactivation,Bottom-Right,1.4,0,Multi-Agent,3-3-M2,"('Fat Mushroom', 'Tall Mushroom', 'Toxic Vine')"
3,3,85.4,286.4,Toxic Vine,Coactivation,Bottom-Left,1.4,1.4,Multi-Agent,3-3-M2,"('Fat Mushroom', 'Tall Mushroom', 'Toxic Vine')"
3,3,86.8,287.8,Fat Mushroom,Reward,Bottom-Right,1.4,0,Multi-Agent,3-3-M3,"('Fat Mushroom', 'Lucky grass', 'Toxic Vine')"
3,3,86.8,287.8,Lucky grass,Threat,Top-Right,1.4,0,Multi-Agent,3-3-M3,"('Fat Mushroom', 'Lucky grass', 'Toxic Vine')"
3,3,86.8,287.8,Toxic Vine,Coactivation,Top-Left,1.4,1.4,Multi-Agent,3-3-M3,"('Fat Mushroom', 'Lucky grass', 'Toxic Vine')"
3,3,88.2,289.2,Lucky grass,Reward,Top-Left,1.4,0,Multi-Agent,3-3-M4,"('Lucky grass', 'Tall Mushroom')"
3,3,88.2,289.2,Tall Mushroom,Coactivation,Bottom-Right,1.4,1.4,Multi-Agent,3-3-M4,"('Lucky grass', 'Tall Mushroom')"
3,3,89.6,290.6,Lucky grass,Reward,Top-Right,1.4,0,Multi-Agent,3-3-M5,"('Lucky grass', 'Tall Mushroom')"
3,3,89.6,290.6,Tall Mushroom,Coactivation,Bottom-Left,1.4,1.4,Multi-Agent,3-3-M5,"('Lucky grass', 'Tall Mushroom')"
3,3,91,292,Fat Mushroom,Coactivation,Top-Right,1.4,0,Multi-Agent,3-3-M6,"('Fat Mushroom', 'Tall Mushroom')"
3,3,91,292,Tall Mushroom,Coactivation,Bottom-Left,1.4,1.4,Multi-Agent,3-3-M6,"('Fat Mushroom', 'Tall Mushroom')"
3,3,92.4,293.4,Fat Mushroom,Reward,Top-Right,1.4,0,Multi-Agent,3-3-M7,"('Fat Mushroom', 'Lucky grass', 'Toxic Vine')"
3,3,92.4,293.4,Lucky grass,Threat,Bottom-Left,1.4,0,Multi-Agent,3-3-M7,"('Fat Mushroom', 'Lucky grass', 'Toxic Vine')"
3,3,92.4,293.4,Toxic Vine,Coactivation,Top-Left,1.4,1.4,Multi-Agent,3-3-M7,"('Fat Mushroom', 'Lucky grass', 'Toxic Vine')"
3,3,93.8,294.8,Fat Mushroom,Threat,Top-Left,1.4,0,Multi-Agent,3-3-M8,"('Fat Mushroom', 'Toxic Vine')"
3,3,93.8,294.8,Toxic Vine,Coactivation,Bottom-Right,1.4,1.4,Multi-Agent,3-3-M8,"('Fat Mushroom', 'Toxic Vine')"
3,3,95.2,296.2,Tall Mushroom,Threat,Top-Right,1.4,0,Multi-Agent,3-3-M9,"('Tall Mushroom', 'Toxic Vine')"
3,3,95.2,296.2,Toxic Vine,Coactivation,Bottom-Right,1.4,1.4,Multi-Agent,3-3-M9,"('Tall Mushroom', 'Toxic Vine')"
3,3,96.6,297.6,Fat Mushroom,Reward,Bottom-Right,1.4,0,Multi-Agent,3-3-M10,"('Fat Mushroom', 'Lucky grass', 'Toxic Vine')"
3,3,96.6,297.6,Lucky grass,Threat,Bottom-Left,1.4,0,Multi-Agent,3-3-M10,"('Fat Mushroom', 'Lucky grass', 'Toxic Vine')"
3,3,96.6,297.6,Toxic Vine,Coactivation,Top-Left,1.4,1.4,Multi-Agent,3-3-M10,"('Fat Mushroom', 'Lucky grass', 'Toxic Vine')"
3,3,98,299,Fat Mushroom,Reward,Top-Right,1.4,0,Multi-Agent,3-3-M11,"('Fat Mushroom', 'Lucky grass', 'Tall Mushroom')"
3,3,98,299,Lucky grass,Coactivation,Bottom-Right,1.4,0,Multi-Agent,3-3-M11,"('Fat Mushroom', 'Lucky grass', 'Tall Mushroom')"
3,3,98,299,Tall Mushroom,Coactivation,Top-Left,1.4,2,Multi-Agent,3-3-M11,"('Fat Mushroom', 'Lucky grass', 'Tall Mushroom')"
4,1,0,301,Lucky grass,Reward,Top-Left,1.45,3,Single-Agent,4-1-S1,
4,1,3,304,Toxic Vine,Threat,Top-Right,1.45,3,Single-Agent,4-1-S2,
4,1,6,307,Fat Mushroom,Coactivation,Bottom-Left,1.45,3,Single-Agent,4-1-S3,
4,1,9,310,Tall Mushroom,Coactivation,Bottom-Right,1.45,5,Single-Agent,4-1-S4,
4,1,14,315,Tall Mushroom,Threat,Top-Left,1.45,0,Multi-Agent,4-1-M1,"('Tall Mushroom', 'Toxic Vine')"
4,1,14,315,Toxic Vine,Coactivation,Bottom-Left,1.45,1.2,Multi-Agent,4-1-M1,"('Tall Mushroom', 'Toxic Vine')"
4,1,15.2,316.2,Fat Mushroom,Threat,Top-Left,1.45,0,Multi-Agent,4-1-M2,"('Fat Mushroom', 'Toxic Vine')"
4,1,15.2,316.2,Toxic Vine,Coactivation,Bottom-Left,1.45,1.2,Multi-Agent,4-1-M2,"('Fat Mushroom', 'Toxic Vine')"
4,1,16.4,317.4,Fat Mushroom,Reward,Top-Right,1.45,0,Multi-Agent,4-1-M3,"('Fat Mushroom', 'Lucky grass', 'Tall Mushroom', 'Toxic Vine')"
4,1,16.4,317.4,Lucky grass,Threat,Top-Left,1.45,0,Multi-Agent,4-1-M3,"('Fat Mushroom', 'Lucky grass', 'Tall Mushroom', 'Toxic Vine')"
4,1,16.4,317.4,Tall Mushroom,Coactivation,Bottom-Left,1.45,0,Multi-Agent,4-1-M3,"('Fat Mushroom', 'Lucky grass', 'Tall Mushroom', 'Toxic Vine')"
4,1,16.4,317.4,Toxic Vine,Coactivation,Bottom-Right,1.45,1.2,Multi-Agent,4-1-M3,"('Fat Mushroom', 'Lucky grass', 'Tall Mushroom', 'Toxic Vine')"
4,1,17.6,318.6,Fat Mushroom,Reward,Bottom-Left,1.45,0,Multi-Agent,4-1-M4,"('Fat Mushroom', 'Lucky grass', 'Toxic Vine')"
4,1,17.6,318.6,Lucky grass,Threat,Bottom-Right,1.45,0,Multi-Agent,4-1-M4,"('Fat Mushroom', 'Lucky grass', 'Toxic Vine')"
4,1,17.6,318.6,Toxic Vine,Coactivation,Top-Right,1.45,1.2,Multi-Agent,4-1-M4,"('Fat Mushroom', 'Lucky grass', 'Toxic Vine')"
4,1,18.8,319.8,Fat Mushroom,Reward,Bottom-Left,1.45,0,Multi-Agent,4-1-M5,"('Fat Mushroom', 'Lucky grass', 'Toxic Vine')"
4,1,18.8,319.8,Lucky grass,Threat,Bottom-Right,1.45,0,Multi-Agent,4-1-M5,"('Fat Mushroom', 'Lucky grass', 'Toxic Vine')"
4,1,18.8,319.8,Toxic Vine,Coactivation,Top-Right,1.45,1.2,Multi-Agent,4-1-M5,"('Fat Mushroom', 'Lucky grass', 'Toxic Vine')"
4,1,20,321,Fat Mushroom,Reward,Bottom-Left,1.45,0,Multi-Agent,4-1-M6,"('Fat Mushroom', 'Lucky grass', 'Tall Mushroom', 'Toxic Vine')"
4,1,20,321,Lucky grass,Threat,Bottom-Right,1.45,0,Multi-Agent,4-1-M6,"('Fat Mushroom', 'Lucky grass', 'Tall Mushroom', 'Toxic Vine')"
4,1,20,321,Tall Mushroom,Coactivation,Top-Left,1.45,0,Multi-Agent,4-1-M6,"('Fat Mushroom', 'Lucky grass', 'Tall Mushroom', 'Toxic Vine')"
4,1,20,321,Toxic Vine,Coactivation,Top-Right,1.45,1.2,Multi-Agent,4-1-M6,"('Fat Mushroom', 'Lucky grass', 'Tall Mushroom', 'Toxic Vine')"
4,1,21.2,322.2,Fat Mushroom,Threat,Top-Left,1.45,0,Multi-Agent,4-1-M7,"('Fat Mushroom', 'Tall Mushroom', 'Toxic Vine')"
4,1,21.2,322.2,Tall Mushroom,Coactivation,Top-Right,1.45,0,Multi-Agent,4-1-M7,"('Fat Mushroom', 'Tall Mushroom', 'Toxic Vine')"
4,1,21.2,322.2,Toxic Vine,Coactivation,Bottom-Left,1.45,1.2,Multi-Agent,4-1-M7,"('Fat Mushroom', 'Tall Mushroom', 'Toxic Vine')"
4,1,22.4,323.4,Lucky grass,Reward,Top-Right,1.45,0,Multi-Agent,4-1-M8,"('Lucky grass', 'Toxic Vine')"
4,1,22.4,323.4,Toxic Vine,Threat,Top-Left,1.45,1.2,Multi-Agent,4-1-M8,"('Lucky grass', 'Toxic Vine')"
4,1,23.6,324.6,Fat Mushroom,Reward,Top-Right,1.45,0,Multi-Agent,4-1-M9,"('Fat Mushroom', 'Lucky grass')"
4,1,23.6,324.6,Lucky grass,Coactivation,Bottom-Right,1.45,1.2,Multi-Agent,4-1-M9,"('Fat Mushroom', 'Lucky grass')"
4,1,24.8,325.8,Lucky grass,Reward,Top-Right,1.45,0,Multi-Agent,4-1-M10,"('Lucky grass', 'Tall Mushroom')"
4,1,24.8,325.8,Tall Mushroom,Coactivation,Top-Left,1.45,1.2,Multi-Agent,4-1-M10,"('Lucky grass', 'Tall Mushroom')"
4,1,26,327,Lucky grass,Reward,Top-Left,1.45,0,Multi-Agent,4-1-M11,"('Lucky grass', 'Toxic Vine')"
4,1,26,327,Toxic Vine,Threat,Top-Right,1.45,1.2,Multi-Agent,4-1-M11,"('Lucky grass', 'Toxic Vine')"
4,1,27.2,328.2,Fat Mushroom,Reward,Bottom-Left,1.45,0,Multi-Agent,4-1-M12,"('Fat Mushroom', 'Lucky grass', 'Tall Mushroom', 'Toxic Vine')"
4,1,27.2,328.2,Lucky grass,Threat,Top-Right,1.45,0,Multi-Agent,4-1-M12,"('Fat Mushroom', 'Lucky grass', 'Tall Mushroom', 'Toxic Vine')"
4,1,27.2,328.2,Tall Mushroom,Coactivation,Bottom-Right,1.45,0,Multi-Agent,4-1-M12,"('Fat Mushroom', 'Lucky grass', 'Tall Mushroom', 'Toxic Vine')"
4,1,27.2,328.2,Toxic Vine,Coactivation,Top-Left,1.45,1.2,Multi-Agent,4-1-M12,"('Fat Mushroom', 'Lucky grass', 'Tall Mushroom', 'Toxic Vine')"
4,1,28.4,329.4,Fat Mushroom,Threat,Top-Right,1.45,0,Multi-Agent,4-1-M13,"('Fat Mushroom', 'Tall Mushroom', 'Toxic Vine')"
4,1,28.4,329.4,Tall Mushroom,Coactivation,Bottom-Right,1.45,0,Multi-Agent,4-1-M13,"('Fat Mushroom', 'Tall Mushroom', 'Toxic Vine')"
4,1,28.4,329.4,Toxic Vine,Coactivation,Bottom-Left,1.45,6.6,Multi-Agent,4-1-M13,"('Fat Mushroom', 'Tall Mushroom', 'Toxic Vine')"
4,2,35,336,Lucky grass,Reward,Top-Left,1.5,3,Single-Agent,4-2-S1,
4,2,38,339,Toxic Vine,Threat,Top-Right,1.5,3,Single-Agent,4-2-S2,
4,2,41,342,Fat Mushroom,Coactivation,Bottom-Left,1.5,3,Single-Agent,4-2-S3,
4,2,44,345,Tall Mushroom,Coactivation,Bottom-Right,1.5,5,Single-Agent,4-2-S4,
4,2,49,350,Fat Mushroom,Reward,Top-Right,1.5,0,Multi-Agent,4-2-M1,"('Fat Mushroom', 'Lucky grass', 'Tall Mushroom', 'Toxic Vine')"
4,2,49,350,Lucky grass,Threat,Bottom-Left,1.5,0,Multi-Agent,4-2-M1,"('Fat Mushroom', 'Lucky grass', 'Tall Mushroom', 'Toxic Vine')"
4,2,49,350,Tall Mushroom,Coactivation,Bottom-Right,1.5,0,Multi-Agent,4-2-M1,"('Fat Mushroom', 'Lucky grass', 'Tall Mushroom', 'Toxic Vine')"
4,2,49,350,Toxic Vine,Coactivation,Top-Left,1.5,1,Multi-Agent,4-2-M1,"('Fat Mushroom', 'Lucky grass', 'Tall Mushroom', 'Toxic Vine')"
4,2,50,351,Fat Mushroom,Reward,Bottom-Left,1.5,0,Multi-Agent,4-2-M2,"('Fat Mushroom', 'Lucky grass', 'Tall Mushroom')"
4,2,50,351,Lucky grass,Coactivation,Bottom-Right,1.5,0,Multi-Agent,4-2-M2,"('Fat Mushroom', 'Lucky grass', 'Tall Mushroom')"
4,2,50,351,Tall Mushroom,Coactivation,Top-Right,1.5,1,Multi-Agent,4-2-M2,"('Fat Mushroom', 'Lucky grass', 'Tall Mushroom')"
4,2,51,352,Tall Mushroom,Threat,Top-Left,1.5,0,Multi-Agent,4-2-M3,"('Tall Mushroom', 'Toxic Vine')"
4,2,51,352,Toxic Vine,Coactivation,Top-Right,1.5,1,Multi-Agent,4-2-M3,"('Tall Mushroom', 'Toxic Vine')"
4,2,52,353,Fat Mushroom,Reward,Bottom-Right,1.5,0,Multi-Agent,4-2-M4,"('Fat Mushroom', 'Lucky grass', 'Toxic Vine')"
4,2,52,353,Lucky grass,Threat,Top-Left,1.5,0,Multi-Agent,4-2-M4,"('Fat Mushroom', 'Lucky grass', 'Toxic Vine')"
4,2,52,353,Toxic Vine,Coactivation,Top-Right,1.5,1,Multi-Agent,4-2-M4,"('Fat Mushroom', 'Lucky grass', 'Toxic Vine')"
4,2,53,354,Fat Mushroom,Threat,Bottom-Right,1.5,0,Multi-Agent,4-2-M5,"('Fat Mushroom', 'Toxic Vine')"
4,2,53,354,Toxic Vine,Coactivation,Top-Right,1.5,1,Multi-Agent,4-2-M5,"('Fat Mushroom', 'Toxic Vine')"
4,2,54,355,Lucky grass,Reward,Top-Right,1.5,0,Multi-Agent,4-2-M6,"('Lucky grass', 'Toxic Vine')"
4,2,54,355,Toxic Vine,Threat,Top-Left,1.5,1,Multi-Agent,4-2-M6,"('Lucky grass', 'Toxic Vine')"
4,2,55,356,Fat Mushroom,Reward,Bottom-Right,1.5,0,Multi-Agent,4-2-M7,"('Fat Mushroom', 'Lucky grass', 'Tall Mushroom', 'Toxic Vine')"
4,2,55,356,Lucky grass,Threat,Bottom-Left,1.5,0,Multi-Agent,4-2-M7,"('Fat Mushroom', 'Lucky grass', 'Tall Mushroom', 'Toxic Vine')"
4,2,55,356,Tall Mushroom,Coactivation,Top-Left,1.5,0,Multi-Agent,4-2-M7,"('Fat Mushroom', 'Lucky grass', 'Tall Mushroom', 'Toxic Vine')"
4,2,55,356,Toxic Vine,Coactivation,Top-Right,1.5,1,Multi-Agent,4-2-M7,"('Fat Mushroom', 'Lucky grass', 'Tall Mushroom', 'Toxic Vine')"
4,2,56,357,Lucky grass,Reward,Top-Left,1.5,0,Multi-Agent,4-2-M8,"('Lucky grass', 'Toxic Vine')"
4,2,56,357,Toxic Vine,Threat,Bottom-Left,1.5,1,Multi-Agent,4-2-M8,"('Lucky grass', 'Toxic Vine')"
4,2,57,358,Fat Mushroom,Coactivation,Bottom-Left,1.5,0,Multi-Agent,4-2-M9,"('Fat Mushroom', 'Tall Mushroom')"
4,2,57,358,Tall Mushroom,Coactivation,Top-Left,1.5,1,Multi-Agent,4-2-M9,"('Fat Mushroom', 'Tall Mushroom')"
4,2,58,359,Fat Mushroom,Reward,Bottom-Left,1.5,0,Multi-Agent,4-2-M10,"('Fat Mushroom', 'Lucky grass', 'Toxic Vine')"
4,2,58,359,Lucky grass,Threat,Top-Left,1.5,0,Multi-Agent,4-2-M10,"('Fat Mushroom', 'Lucky grass', 'Toxic Vine')"
4,2,58,359,Toxic Vine,Coactivation,Bottom-Right,1.5,1,Multi-Agent,4-2-M10,"('Fat Mushroom', 'Lucky grass', 'Toxic Vine')"
4,2,59,360,Fat Mushroom,Coactivation,Top-Right,1.5,0,Multi-Agent,4-2-M11,"('Fat Mushroom', 'Tall Mushroom')"
4,2,59,360,Tall Mushroom,Coactivation,Bottom-Left,1.5,1,Multi-Agent,4-2-M11,"('Fat Mushroom', 'Tall Mushroom')"
4,2,60,361,Lucky grass,Reward,Bottom-Left,1.5,0,Multi-Agent,4-2-M12,"('Lucky grass', 'Toxic Vine')"
4,2,60,361,Toxic Vine,Threat,Top-Right,1.5,1,Multi-Agent,4-2-M12,"('Lucky grass', 'Toxic Vine')"
4,2,61,362,Fat Mushroom,Reward,Bottom-Right,1.5,0,Multi-Agent,4-2-M13,"('Fat Mushroom', 'Lucky grass', 'Toxic Vine')"
4,2,61,362,Lucky grass,Threat,Top-Left,1.5,0,Multi-Agent,4-2-M13,"('Fat Mushroom', 'Lucky grass', 'Toxic Vine')"
4,2,61,362,Toxic Vine,Coactivation,Bottom-Left,1.5,1,Multi-Agent,4-2-M13,"('Fat Mushroom', 'Lucky grass', 'Toxic Vine')"
4,2,62,363,Fat Mushroom,Threat,Bottom-Right,1.5,0,Multi-Agent,4-2-M14,"('Fat Mushroom', 'Toxic Vine')"
4,2,62,363,Toxic Vine,Coactivation,Bottom-Left,1.5,1,Multi-Agent,4-2-M14,"('Fat Mushroom', 'Toxic Vine')"
4,2,63,364,Tall Mushroom,Threat,Top-Right,1.5,0,Multi-Agent,4-2-M15,"('Tall Mushroom', 'Toxic Vine')"
4,2,63,364,Toxic Vine,Coactivation,Bottom-Right,1.5,7,Multi-Agent,4-2-M15,"('Tall Mushroom', 'Toxic Vine')"
4,3,70,371,Lucky grass,Reward,Top-Left,1.55,3,Single-Agent,4-3-S1,
4,3,73,374,Toxic Vine,Threat,Top-Right,1.55,3,Single-Agent,4-3-S2,
4,3,76,377,Fat Mushroom,Coactivation,Bottom-Left,1.55,3,Single-Agent,4-3-S3,
4,3,79,380,Tall Mushroom,Coactivation,Bottom-Right,1.55,5,Single-Agent,4-3-S4,
4,3,84,385,Tall Mushroom,Threat,Top-Left,1.55,0,Multi-Agent,4-3-M1,"('Tall Mushroom', 'Toxic Vine')"
4,3,84,385,Toxic Vine,Coactivation,Bottom-Right,1.55,0.8,Multi-Agent,4-3-M1,"('Tall Mushroom', 'Toxic Vine')"
4,3,84.8,385.8,Fat Mushroom,Threat,Top-Left,1.55,0,Multi-Agent,4-3-M2,"('Fat Mushroom', 'Tall Mushroom', 'Toxic Vine')"
4,3,84.8,385.8,Tall Mushroom,Coactivation,Bottom-Right,1.55,0,Multi-Agent,4-3-M2,"('Fat Mushroom', 'Tall Mushroom', 'Toxic Vine')"
4,3,84.8,385.8,Toxic Vine,Coactivation,Bottom-Left,1.55,0.8,Multi-Agent,4-3-M2,"('Fat Mushroom', 'Tall Mushroom', 'Toxic Vine')"
4,3,85.6,386.6,Fat Mushroom,Reward,Bottom-Left,1.55,0,Multi-Agent,4-3-M3,"('Fat Mushroom', 'Lucky grass', 'Tall Mushroom')"
4,3,85.6,386.6,Lucky grass,Coactivation,Top-Left,1.55,0,Multi-Agent,4-3-M3,"('Fat Mushroom', 'Lucky grass', 'Tall Mushroom')"
4,3,85.6,386.6,Tall Mushroom,Coactivation,Bottom-Right,1.55,0.8,Multi-Agent,4-3-M3,"('Fat Mushroom', 'Lucky grass', 'Tall Mushroom')"
4,3,86.4,387.4,Lucky grass,Reward,Bottom-Left,1.55,0,Multi-Agent,4-3-M4,"('Lucky grass', 'Tall Mushroom')"
4,3,86.4,387.4,Tall Mushroom,Coactivation,Bottom-Right,1.55,0.8,Multi-Agent,4-3-M4,"('Lucky grass', 'Tall Mushroom')"
4,3,87.2,388.2,Fat Mushroom,Threat,Top-Left,1.55,0,Multi-Agent,4-3-M5,"('Fat Mushroom', 'Toxic Vine')"
4,3,87.2,388.2,Toxic Vine,Coactivation,Bottom-Right,1.55,0.8,Multi-Agent,4-3-M5,"('Fat Mushroom', 'Toxic Vine')"
4,3,88,389,Lucky grass,Reward,Bottom-Left,1.55,0,Multi-Agent,4-3-M6,"('Lucky grass', 'Toxic Vine')"
4,3,88,389,Toxic Vine,Threat,Bottom-Right,1.55,0.8,Multi-Agent,4-3-M6,"('Lucky grass', 'Toxic Vine')"
4,3,88.8,389.8,Fat Mushroom,Reward,Top-Left,1.55,0,Multi-Agent,4-3-M7,"('Fat Mushroom', 'Lucky grass')"
4,3,88.8,389.8,Lucky grass,Coactivation,Bottom-Right,1.55,0.8,Multi-Agent,4-3-M7,"('Fat Mushroom', 'Lucky grass')"
4,3,89.6,390.6,Tall Mushroom,Threat,Bottom-Right,1.55,0,Multi-Agent,4-3-M8,"('Tall Mushroom', 'Toxic Vine')"
4,3,89.6,390.6,Toxic Vine,Coactivation,Bottom-Left,1.55,0.8,Multi-Agent,4-3-M8,"('Tall Mushroom', 'Toxic Vine')"
4,3,90.4,391.4,Fat Mushroom,Threat,Bottom-Left,1.55,0,Multi-Agent,4-3-M9,"('Fat Mushroom', 'Tall Mushroom', 'Toxic Vine')"
4,3,90.4,391.4,Tall Mushroom,Coactivation,Top-Right,1.55,0,Multi-Agent,4-3-M9,"('Fat Mushroom', 'Tall Mushroom', 'Toxic Vine')"
4,3,90.4,391.4,Toxic Vine,Coactivation,Top-Left,1.55,0.8,Multi-Agent,4-3-M9,"('Fat Mushroom', 'Tall Mushroom', 'Toxic Vine')"
4,3,91.2,392.2,Fat Mushroom,Reward,Top-Right,1.55,0,Multi-Agent,4-3-M10,"('Fat Mushroom', 'Lucky grass')"
4,3,91.2,392.2,Lucky grass,Coactivation,Bottom-Left,1.55,0.8,Multi-Agent,4-3-M10,"('Fat Mushroom', 'Lucky grass')"
4,3,92,393,Fat Mushroom,Reward,Bottom-Right,1.55,0,Multi-Agent,4-3-M11,"('Fat Mushroom', 'Lucky grass')"
4,3,92,393,Lucky grass,Coactivation,Top-Right,1.55,0.8,Multi-Agent,4-3-M11,"('Fat Mushroom', 'Lucky grass')"
4,3,92.8,393.8,Tall Mushroom,Threat,Top-Right,1.55,0,Multi-Agent,4-3-M12,"('Tall Mushroom', 'Toxic Vine')"
4,3,92.8,393.8,Toxic Vine,Coactivation,Top-Left,1.55,0.8,Multi-Agent,4-3-M12,"('Tall Mushroom', 'Toxic Vine')"
4,3,93.6,394.6,Fat Mushroom,Reward,Bottom-Left,1.55,0,Multi-Agent,4-3-M13,"('Fat Mushroom', 'Lucky grass', 'Tall Mushroom', 'Toxic Vine')"
4,3,93.6,394.6,Lucky grass,Threat,Top-Right,1.55,0,Multi-Agent,4-3-M13,"('Fat Mushroom', 'Lucky grass', 'Tall Mushroom', 'Toxic Vine')"
4,3,93.6,394.6,Tall Mushroom,Coactivation,Top-Left,1.55,0,Multi-Agent,4-3-M13,"('Fat Mushroom', 'Lucky grass', 'Tall Mushroom', 'Toxic Vine')"
4,3,93.6,394.6,Toxic Vine,Coactivation,Bottom-Right,1.55,0.8,Multi-Agent,4-3-M13,"('Fat Mushroom', 'Lucky grass', 'Tall Mushroom', 'Toxic Vine')"
4,3,94.4,395.4,Lucky grass,Reward,Top-Right,1.55,0,Multi-Agent,4-3-M14,"('Lucky grass', 'Toxic Vine')"
4,3,94.4,395.4,Toxic Vine,Threat,Top-Left,1.55,0.8,Multi-Agent,4-3-M14,"('Lucky grass', 'Toxic Vine')"
4,3,95.2,396.2,Fat Mushroom,Reward,Bottom-Left,1.55,0,Multi-Agent,4-3-M15,"('Fat Mushroom', 'Lucky grass')"
4,3,95.2,396.2,Lucky grass,Coactivation,Top-Left,1.55,0.8,Multi-Agent,4-3-M15,"('Fat Mushroom', 'Lucky grass')"
4,3,96,397,Fat Mushroom,Threat,Bottom-Left,1.55,0,Multi-Agent,4-3-M16,"('Fat Mushroom', 'Toxic Vine')"
4,3,96,397,Toxic Vine,Coactivation,Bottom-Right,1.55,0.8,Multi-Agent,4-3-M16,"('Fat Mushroom', 'Toxic Vine')"
4,3,96.8,397.8,Fat Mushroom,Coactivation,Bottom-Left,1.55,0,Multi-Agent,4-3-M17,"('Fat Mushroom', 'Tall Mushroom')"
4,3,96.8,397.8,Tall Mushroom,Coactivation,Bottom-Right,1.55,0.8,Multi-Agent,4-3-M17,"('Fat Mushroom', 'Tall Mushroom')"
4,3,97.6,398.6,Lucky grass,Reward,Top-Right,1.55,0,Multi-Agent,4-3-M18,"('Lucky grass', 'Tall Mushroom')"
4,3,97.6,398.6,Tall Mushroom,Coactivation,Bottom-Right,1.55,0.8,Multi-Agent,4-3-M18,"('Lucky grass', 'Tall Mushroom')"
4,3,98.4,399.4,Lucky grass,Reward,Bottom-Left,1.55,0,Multi-Agent,4-3-M19,"('Lucky grass', 'Tall Mushroom')"
4,3,98.4,399.4,Tall Mushroom,Coactivation,Bottom-Right,1.55,1.6,Multi-Agent,4-3-M19,"('Lucky grass', 'Tall Mushroom')"
5,1,0,401,Lucky grass,Reward,Top-Left,1.6,3,Single-Agent,5-1-S1,
5,1,3,404,Toxic Vine,Threat,Top-Right,1.6,3,Single-Agent,5-1-S2,
5,1,6,407,Fat Mushroom,Coactivation,Bottom-Left,1.6,3,Single-Agent,5-1-S3,
5,1,9,410,Tall Mushroom,Coactivation,Bottom-Right,1.6,5,Single-Agent,5-1-S4,
5,1,14,415,Fat Mushroom,Reward,Bottom-Left,1.6,0,Multi-Agent,5-1-M1,"('Fat Mushroom', 'Lucky grass', 'Tall Mushroom', 'Toxic Vine')"
5,1,14,415,Lucky grass,Threat,Top-Right,1.6,0,Multi-Agent,5-1-M1,"('Fat Mushroom', 'Lucky grass', 'Tall Mushroom', 'Toxic Vine')"
5,1,14,415,Tall Mushroom,Coactivation,Top-Left,1.6,0,Multi-Agent,5-1-M1,"('Fat Mushroom', 'Lucky grass', 'Tall Mushroom', 'Toxic Vine')"
5,1,14,415,Toxic Vine,Coactivation,Bottom-Right,1.6,0.6,Multi-Agent,5-1-M1,"('Fat Mushroom', 'Lucky grass', 'Tall Mushroom', 'Toxic Vine')"
5,1,14.6,415.6,Fat Mushroom,Reward,Top-Left,1.6,0,Multi-Agent,5-1-M2,"('Fat Mushroom', 'Lucky grass', 'Toxic Vine')"
5,1,14.6,415.6,Lucky grass,Threat,Bottom-Left,1.6,0,Multi-Agent,5-1-M2,"('Fat Mushroom', 'Lucky grass', 'Toxic Vine')"
5,1,14.6,415.6,Toxic Vine,Coactivation,Bottom-Right,1.6,0.6,Multi-Agent,5-1-M2,"('Fat Mushroom', 'Lucky grass', 'Toxic Vine')"
5,1,15.2,416.2,Fat Mushroom,Reward,Top-Right,1.6,0,Multi-Agent,5-1-M3,"('Fat Mushroom', 'Lucky grass', 'Tall Mushroom', 'Toxic Vine')"
5,1,15.2,416.2,Lucky grass,Threat,Top-Left,1.6,0,Multi-Agent,5-1-M3,"('Fat Mushroom', 'Lucky grass', 'Tall Mushroom', 'Toxic Vine')"
5,1,15.2,416.2,Tall Mushroom,Coactivation,Bottom-Right,1.6,0,Multi-Agent,5-1-M3,"('Fat Mushroom', 'Lucky grass', 'Tall Mushroom', 'Toxic Vine')"
5,1,15.2,416.2,Toxic Vine,Coactivation,Bottom-Left,1.6,0.6,Multi-Agent,5-1-M3,"('Fat Mushroom', 'Lucky grass', 'Tall Mushroom', 'Toxic Vine')"
5,1,15.8,416.8,Fat Mushroom,Reward,Top-Left,1.6,0,Multi-Agent,5-1-M4,"('Fat Mushroom', 'Lucky grass', 'Tall Mushroom', 'Toxic Vine')"
5,1,15.8,416.8,Lucky grass,Threat,Bottom-Left,1.6,0,Multi-Agent,5-1-M4,"('Fat Mushroom', 'Lucky grass', 'Tall Mushroom', 'Toxic Vine')"
5,1,15.8,416.8,Tall Mushroom,Coactivation,Top-Right,1.6,0,Multi-Agent,5-1-M4,"('Fat Mushroom', 'Lucky grass', 'Tall Mushroom', 'Toxic Vine')"
5,1,15.8,416.8,Toxic Vine,Coactivation,Bottom-Right,1.6,0.6,Multi-Agent,5-1-M4,"('Fat Mushroom', 'Lucky grass', 'Tall Mushroom', 'Toxic Vine')"
5,1,16.4,417.4,Fat Mushroom,Reward,Bottom-Left,1.6,0,Multi-Agent,5-1-M5,"('Fat Mushroom', 'Lucky grass', 'Tall Mushroom', 'Toxic Vine')"
5,1,16.4,417.4,Lucky grass,Threat,Bottom-Right,1.6,0,Multi-Agent,5-1-M5,"('Fat Mushroom', 'Lucky grass', 'Tall Mushroom', 'Toxic Vine')"
5,1,16.4,417.4,Tall Mushroom,Coactivation,Top-Right,1.6,0,Multi-Agent,5-1-M5,"('Fat Mushroom', 'Lucky grass', 'Tall Mushroom', 'Toxic Vine')"
5,1,16.4,417.4,Toxic Vine,Coactivation,Top-Left,1.6,0.6,Multi-Agent,5-1-M5,"('Fat Mushroom', 'Lucky grass', 'Tall Mushroom', 'Toxic Vine')"
5,1,17,418,Fat Mushroom,Reward,Bottom-Right,1.6,0,Multi-Agent,5-1-M6,"('Fat Mushroom', 'Lucky grass')"
5,1,17,418,Lucky grass,Coactivation,Bottom-Left,1.6,0.6,Multi-Agent,5-1-M6,"('Fat Mushroom', 'Lucky grass')"
5,1,17.6,418.6,Fat Mushroom,Coactivation,Bottom-Right,1.6,0,Multi-Agent,5-1-M7,"('Fat Mushroom', 'Tall Mushroom')"
5,1,17.6,418.6,Tall Mushroom,Coactivation,Bottom-Left,1.6,0.6,Multi-Agent,5-1-M7,"('Fat Mushroom', 'Tall Mushroom')"
5,1,18.2,419.2,Lucky grass,Reward,Top-Left,1.6,0,Multi-Agent,5-1-M8,"('Lucky grass', 'Tall Mushroom', 'Toxic Vine')"
5,1,18.2,419.2,Tall Mushroom,Threat,Bottom-Right,1.6,0,Multi-Agent,5-1-M8,"('Lucky grass', 'Tall Mushroom', 'Toxic Vine')"
5,1,18.2,419.2,Toxic Vine,Coactivation,Top-Right,1.6,0.6,Multi-Agent,5-1-M8,"('Lucky grass', 'Tall Mushroom', 'Toxic Vine')"
5,1,18.8,419.8,Lucky grass,Reward,Top-Left,1.6,0,Multi-Agent,5-1-M9,"('Lucky grass', 'Tall Mushroom')"
5,1,18.8,419.8,Tall Mushroom,Coactivation,Top-Right,1.6,0.6,Multi-Agent,5-1-M9,"('Lucky grass', 'Tall Mushroom')"
5,1,19.4,420.4,Fat Mushroom,Threat,Bottom-Left,1.6,0,Multi-Agent,5-1-M10,"('Fat Mushroom', 'Tall Mushroom', 'Toxic Vine')"
5,1,19.4,420.4,Tall Mushroom,Coactivation,Top-Left,1.6,0,Multi-Agent,5-1-M10,"('Fat Mushroom', 'Tall Mushroom', 'Toxic Vine')"
5,1,19.4,420.4,Toxic Vine,Coactivation,Top-Right,1.6,0.6,Multi-Agent,5-1-M10,"('Fat Mushroom', 'Tall Mushroom', 'Toxic Vine')"
5,1,20,421,Fat Mushroom,Threat,Top-Left,1.6,0,Multi-Agent,5-1-M11,"('Fat Mushroom', 'Tall Mushroom', 'Toxic Vine')"
5,1,20,421,Tall Mushroom,Coactivation,Top-Right,1.6,0,Multi-Agent,5-1-M11,"('Fat Mushroom', 'Tall Mushroom', 'Toxic Vine')"
5,1,20,421,Toxic Vine,Coactivation,Bottom-Right,1.6,0.6,Multi-Agent,5-1-M11,"('Fat Mushroom', 'Tall Mushroom', 'Toxic Vine')"
5,1,20.6,421.6,Fat Mushroom,Reward,Bottom-Right,1.6,0,Multi-Agent,5-1-M12,"('Fat Mushroom', 'Lucky grass', 'Toxic Vine')"
5,1,20.6,421.6,Lucky grass,Threat,Bottom-Left,1.6,0,Multi-Agent,5-1-M12,"('Fat Mushroom', 'Lucky grass', 'Toxic Vine')"
5,1,20.6,421.6,Toxic Vine,Coactivation,Top-Left,1.6,0.6,Multi-Agent,5-1-M12,"('Fat Mushroom', 'Lucky grass', 'Toxic Vine')"
5,1,21.2,422.2,Fat Mushroom,Threat,Top-Right,1.6,0,Multi-Agent,5-1-M13,"('Fat Mushroom', 'Tall Mushroom', 'Toxic Vine')"
5,1,21.2,422.2,Tall Mushroom,Coactivation,Bottom-Right,1.6,0,Multi-Agent,5-1-M13,"('Fat Mushroom', 'Tall Mushroom', 'Toxic Vine')"
5,1,21.2,422.2,Toxic Vine,Coactivation,Bottom-Left,1.6,0.6,Multi-Agent,5-1-M13,"('Fat Mushroom', 'Tall Mushroom', 'Toxic Vine')"
5,1,21.8,422.8,Tall Mushroom,Threat,Top-Right,1.6,0,Multi-Agent,5-1-M14,"('Tall Mushroom', 'Toxic Vine')"
5,1,21.8,422.8,Toxic Vine,Coactivation,Top-Left,1.6,0.6,Multi-Agent,5-1-M14,"('Tall Mushroom', 'Toxic Vine')"
5,1,22.4,423.4,Fat Mushroom,Reward,Bottom-Left,1.6,0,Multi-Agent,5-1-M15,"('Fat Mushroom', 'Lucky grass', 'Tall Mushroom', 'Toxic Vine')"
5,1,22.4,423.4,Lucky grass,Threat,Top-Right,1.6,0,Multi-Agent,5-1-M15,"('Fat Mushroom', 'Lucky grass', 'Tall Mushroom', 'Toxic Vine')"
5,1,22.4,423.4,Tall Mushroom,Coactivation,Bottom-Right,1.6,0,Multi-Agent,5-1-M15,"('Fat Mushroom', 'Lucky grass', 'Tall Mushroom', 'Toxic Vine')"
5,1,22.4,423.4,Toxic Vine,Coactivation,Top-Left,1.6,0.6,Multi-Agent,5-1-M15,"('Fat Mushroom', 'Lucky grass', 'Tall Mushroom', 'Toxic Vine')"
5,1,23,424,Fat Mushroom,Threat,Bottom-Right,1.6,0,Multi-Agent,5-1-M16,"('Fat Mushroom', 'Toxic Vine')"
5,1,23,424,Toxic Vine,Coactivation,Bottom-Left,1.6,0.6,Multi-Agent,5-1-M16,"('Fat Mushroom', 'Toxic Vine')"
5,1,23.6,424.6,Lucky grass,Reward,Bottom-Right,1.6,0,Multi-Agent,5-1-M17,"('Lucky grass', 'Toxic Vine')"
5,1,23.6,424.6,Toxic Vine,Threat,Top-Left,1.6,0.6,Multi-Agent,5-1-M17,"('Lucky grass', 'Toxic Vine')"
5,1,24.2,425.2,Fat Mushroom,Reward,Bottom-Left,1.6,0,Multi-Agent,5-1-M18,"('Fat Mushroom', 'Lucky grass', 'Tall Mushroom', 'Toxic Vine')"
5,1,24.2,425.2,Lucky grass,Threat,Top-Right,1.6,0,Multi-Agent,5-1-M18,"('Fat Mushroom', 'Lucky grass', 'Tall Mushroom', 'Toxic Vine')"
5,1,24.2,425.2,Tall Mushroom,Coactivation,Bottom-Right,1.6,0,Multi-Agent,5-1-M18,"('Fat Mushroom', 'Lucky grass', 'Tall Mushroom', 'Toxic Vine')"
5,1,24.2,425.2,Toxic Vine,Coactivation,Top-Left,1.6,0.6,Multi-Agent,5-1-M18,"('Fat Mushroom', 'Lucky grass', 'Tall Mushroom', 'Toxic Vine')"
5,1,24.8,425.8,Fat Mushroom,Coactivation,Bottom-Right,1.6,0,Multi-Agent,5-1-M19,"('Fat Mushroom', 'Tall Mushroom')"
5,1,24.8,425.8,Tall Mushroom,Coactivation,Top-Left,1.6,0.6,Multi-Agent,5-1-M19,"('Fat Mushroom', 'Tall Mushroom')"
5,1,25.4,426.4,Lucky grass,Reward,Bottom-Right,1.6,0,Multi-Agent,5-1-M20,"('Lucky grass', 'Tall Mushroom', 'Toxic Vine')"
5,1,25.4,426.4,Tall Mushroom,Threat,Top-Right,1.6,0,Multi-Agent,5-1-M20,"('Lucky grass', 'Tall Mushroom', 'Toxic Vine')"
5,1,25.4,426.4,Toxic Vine,Coactivation,Bottom-Left,1.6,0.6,Multi-Agent,5-1-M20,"('Lucky grass', 'Tall Mushroom', 'Toxic Vine')"
5,1,26,427,Fat Mushroom,Reward,Bottom-Right,1.6,0,Multi-Agent,5-1-M21,"('Fat Mushroom', 'Lucky grass', 'Tall Mushroom', 'Toxic Vine')"
5,1,26,427,Lucky grass,Threat,Top-Left,1.6,0,Multi-Agent,5-1-M21,"('Fat Mushroom', 'Lucky grass', 'Tall Mushroom', 'Toxic Vine')"
5,1,26,427,Tall Mushroom,Coactivation,Bottom-Left,1.6,0,Multi-Agent,5-1-M21,"('Fat Mushroom', 'Lucky grass', 'Tall Mushroom', 'Toxic Vine')"
5,1,26,427,Toxic Vine,Coactivation,Top-Right,1.6,0.6,Multi-Agent,5-1-M21,"('Fat Mushroom', 'Lucky grass', 'Tall Mushroom', 'Toxic Vine')"
5,1,26.6,427.6,Fat Mushroom,Reward,Bottom-Right,1.6,0,Multi-Agent,5-1-M22,"('Fat Mushroom', 'Lucky grass', 'Tall Mushroom')"
5,1,26.6,427.6,Lucky grass,Coactivation,Top-Left,1.6,0,Multi-Agent,5-1-M22,"('Fat Mushroom', 'Lucky grass', 'Tall Mushroom')"
5,1,26.6,427.6,Tall Mushroom,Coactivation,Bottom-Left,1.6,0.6,Multi-Agent,5-1-M22,"('Fat Mushroom', 'Lucky grass', 'Tall Mushroom')"
5,1,27.2,428.2,Lucky grass,Reward,Top-Right,1.6,0,Multi-Agent,5-1-M23,"('Lucky grass', 'Tall Mushroom', 'Toxic Vine')"
5,1,27.2,428.2,Tall Mushroom,Threat,Top-Left,1.6,0,Multi-Agent,5-1-M23,"('Lucky grass', 'Tall Mushroom', 'Toxic Vine')"
5,1,27.2,428.2,Toxic Vine,Coactivation,Bottom-Right,1.6,0.6,Multi-Agent,5-1-M23,"('Lucky grass', 'Tall Mushroom', 'Toxic Vine')"
5,1,27.8,428.8,Lucky grass,Reward,Top-Right,1.6,0,Multi-Agent,5-1-M24,"('Lucky grass', 'Tall Mushroom', 'Toxic Vine')"
5,1,27.8,428.8,Tall Mushroom,Threat,Bottom-Right,1.6,0,Multi-Agent,5-1-M24,"('Lucky grass', 'Tall Mushroom', 'Toxic Vine')"
5,1,27.8,428.8,Toxic Vine,Coactivation,Top-Left,1.6,0.6,Multi-Agent,5-1-M24,"('Lucky grass', 'Tall Mushroom', 'Toxic Vine')"
5,1,28.4,429.4,Lucky grass,Reward,Top-Right,1.6,0,Multi-Agent,5-1-M25,"('Lucky grass', 'Tall Mushroom', 'Toxic Vine')"
5,1,28.4,429.4,Tall Mushroom,Threat,Bottom-Left,1.6,0,Multi-Agent,5-1-M25,"('Lucky grass', 'Tall Mushroom', 'Toxic Vine')"
5,1,28.4,429.4,Toxic Vine,Coactivation,Top-Left,1.6,6.6,Multi-Agent,5-1-M25,"('Lucky grass', 'Tall Mushroom', 'Toxic Vine')"
5,2,35,436,Lucky grass,Reward,Top-Left,1.65,3,Single-Agent,5-2-S1,
5,2,38,439,Toxic Vine,Threat,Top-Right,1.65,3,Single-Agent,5-2-S2,
5,2,41,442,Fat Mushroom,Coactivation,Bottom-Left,1.65,3,Single-Agent,5-2-S3,
5,2,44,445,Tall Mushroom,Coactivation,Bottom-Right,1.65,5,Single-Agent,5-2-S4,
5,2,49,450,Fat Mushroom,Reward,Top-Left,1.65,0,Multi-Agent,5-2-M1,"('Fat Mushroom', 'Lucky grass', 'Tall Mushroom')"
5,2,49,450,Lucky grass,Coactivation,Bottom-Right,1.65,0,Multi-Agent,5-2-M1,"('Fat Mushroom', 'Lucky grass', 'Tall Mushroom')"
5,2,49,450,Tall Mushroom,Coactivation,Top-Right,1.65,0.5,Multi-Agent,5-2-M1,"('Fat Mushroom', 'Lucky grass', 'Tall Mushroom')"
5,2,49.5,450.5,Lucky grass,Reward,Top-Left,1.65,0,Multi-Agent,5-2-M2,"('Lucky grass', 'Tall Mushroom')"
5,2,49.5,450.5,Tall Mushroom,Coactivation,Bottom-Right,1.65,0.5,Multi-Agent,5-2-M2,"('Lucky grass', 'Tall Mushroom')"
5,2,50,451,Fat Mushroom,Reward,Bottom-Left,1.65,0,Multi-Agent,5-2-M3,"('Fat Mushroom', 'Lucky grass')"
5,2,50,451,Lucky grass,Coactivation,Top-Left,1.65,0.5,Multi-Agent,5-2-M3,"('Fat Mushroom', 'Lucky grass')"
5,2,50.5,451.5,Lucky grass,Reward,Bottom-Left,1.65,0,Multi-Agent,5-2-M4,"('Lucky grass', 'Tall Mushroom')"
5,2,50.5,451.5,Tall Mushroom,Coactivation,Bottom-Right,1.65,0.5,Multi-Agent,5-2-M4,"('Lucky grass', 'Tall Mushroom')"
5,2,51,452,Lucky grass,Reward,Bottom-Right,1.65,0,Multi-Agent,5-2-M5,"('Lucky grass', 'Tall Mushroom')"
5,2,51,452,Tall Mushroom,Coactivation,Bottom-Left,1.65,0.5,Multi-Agent,5-2-M5,"('Lucky grass', 'Tall Mushroom')"
5,2,51.5,452.5,Fat Mushroom,Reward,Top-Left,1.65,0,Multi-Agent,5-2-M6,"('Fat Mushroom', 'Lucky grass', 'Toxic Vine')"
5,2,51.5,452.5,Lucky grass,Threat,Bottom-Right,1.65,0,Multi-Agent,5-2-M6,"('Fat Mushroom', 'Lucky grass', 'Toxic Vine')"
5,2,51.5,452.5,Toxic Vine,Coactivation,Bottom-Left,1.65,0.5,Multi-Agent,5-2-M6,"('Fat Mushroom', 'Lucky grass', 'Toxic Vine')"
5,2,52,453,Lucky grass,Reward,Top-Right,1.65,0,Multi-Agent,5-2-M7,"('Lucky grass', 'Tall Mushroom')"
5,2,52,453,Tall Mushroom,Coactivation,Bottom-Right,1.65,0.5,Multi-Agent,5-2-M7,"('Lucky grass', 'Tall Mushroom')"
5,2,52.5,453.5,Fat Mushroom,Threat,Top-Right,1.65,0,Multi-Agent,5-2-M8,"('Fat Mushroom', 'Toxic Vine')"
5,2,52.5,453.5,Toxic Vine,Coactivation,Bottom-Left,1.65,0.5,Multi-Agent,5-2-M8,"('Fat Mushroom', 'Toxic Vine')"
5,2,53,454,Fat Mushroom,Reward,Top-Right,1.65,0,Multi-Agent,5-2-M9,"('Fat Mushroom', 'Lucky grass')"
5,2,53,454,Lucky grass,Coactivation,Top-Left,1.65,0.5,Multi-Agent,5-2-M9,"('Fat Mushroom', 'Lucky grass')"
5,2,53.5,454.5,Fat Mushroom,Threat,Top-Right,1.65,0,Multi-Agent,5-2-M10,"('Fat Mushroom', 'Tall Mushroom', 'Toxic Vine')"
5,2,53.5,454.5,Tall Mushroom,Coactivation,Top-Left,1.65,0,Multi-Agent,5-2-M10,"('Fat Mushroom', 'Tall Mushroom', 'Toxic Vine')"
5,2,53.5,454.5,Toxic Vine,Coactivation,Bottom-Right,1.65,0.5,Multi-Agent,5-2-M10,"('Fat Mushroom', 'Tall Mushroom', 'Toxic Vine')"
5,2,54,455,Fat Mushroom,Threat,Top-Left,1.65,0,Multi-Agent,5-2-M11,"('Fat Mushroom', 'Tall Mushroom', 'Toxic Vine')"
5,2,54,455,Tall Mushroom,Coactivation,Bottom-Left,1.65,0,Multi-Agent,5-2-M11,"('Fat Mushroom', 'Tall Mushroom', 'Toxic Vine')"
5,2,54,455,Toxic Vine,Coactivation,Top-Right,1.65,0.5,Multi-Agent,5-2-M11,"('Fat Mushroom', 'Tall Mushroom', 'Toxic Vine')"
5,2,54.5,455.5,Tall Mushroom,Threat,Top-Right,1.65,0,Multi-Agent,5-2-M12,"('Tall Mushroom', 'Toxic Vine')"
5,2,54.5,455.5,Toxic Vine,Coactivation,Bottom-Left,1.65,0.5,Multi-Agent,5-2-M12,"('Tall Mushroom', 'Toxic Vine')"
5,2,55,456,Fat Mushroom,Reward,Bottom-Left,1.65,0,Multi-Agent,5-2-M13,"('Fat Mushroom', 'Lucky grass', 'Tall Mushroom', 'Toxic Vine')"
5,2,55,456,Lucky grass,Threat,Top-Right,1.65,0,Multi-Agent,5-2-M13,"('Fat Mushroom', 'Lucky grass', 'Tall Mushroom', 'Toxic Vine')"
5,2,55,456,Tall Mushroom,Coactivation,Bottom-Right,1.65,0,Multi-Agent,5-2-M13,"('Fat Mushroom', 'Lucky grass', 'Tall Mushroom', 'Toxic Vine')"
5,2,55,456,Toxic Vine,Coactivation,Top-Left,1.65,0.5,Multi-Agent,5-2-M13,"('Fat Mushroom', 'Lucky grass', 'Tall Mushroom', 'Toxic Vine')"
5,2,55.5,456.5,Lucky grass,Reward,Top-Right,1.65,0,Multi-Agent,5-2-M14,"('Lucky grass', 'Tall Mushroom', 'Toxic Vine')"
5,2,55.5,456.5,Tall Mushroom,Threat,Bottom-Right,1.65,0,Multi-Agent,5-2-M14,"('Lucky grass', 'Tall Mushroom', 'Toxic Vine')"
5,2,55.5,456.5,Toxic Vine,Coactivation,Bottom-Left,1.65,0.5,Multi-Agent,5-2-M14,"('Lucky grass', 'Tall Mushroom', 'Toxic Vine')"
5,2,56,457,Lucky grass,Reward,Bottom-Right,1.65,0,Multi-Agent,5-2-M15,"('Lucky grass', 'Tall Mushroom')"
5,2,56,457,Tall Mushroom,Coactivation,Bottom-Left,1.65,0.5,Multi-Agent,5-2-M15,"('Lucky grass', 'Tall Mushroom')"
5,2,56.5,457.5,Fat Mushroom,Reward,Bottom-Left,1.65,0,Multi-Agent,5-2-M16,"('Fat Mushroom', 'Lucky grass')"
5,2,56.5,457.5,Lucky grass,Coactivation,Top-Left,1.65,0.5,Multi-Agent,5-2-M16,"('Fat Mushroom', 'Lucky grass')"
5,2,57,458,Fat Mushroom,Reward,Bottom-Right,1.65,0,Multi-Agent,5-2-M17,"('Fat Mushroom', 'Lucky grass')"
5,2,57,458,Lucky grass,Coactivation,Top-Right,1.65,0.5,Multi-Agent,5-2-M17,"('Fat Mushroom', 'Lucky grass')"
5,2,57.5,458.5,Tall Mushroom,Threat,Bottom-Right,1.65,0,Multi-Agent,5-2-M18,"('Tall Mushroom', 'Toxic Vine')"
5,2,57.5,458.5,Toxic Vine,Coactivation,Bottom-Left,1.65,0.5,Multi-Agent,5-2-M18,"('Tall Mushroom', 'Toxic Vine')"
5,2,58,459,Fat Mushroom,Reward,Bottom-Right,1.65,0,Multi-Agent,5-2-M19,"('Fat Mushroom', 'Lucky grass', 'Toxic Vine')"
5,2,58,459,Lucky grass,Threat,Top-Right,1.65,0,Multi-Agent,5-2-M19,"('Fat Mushroom', 'Lucky grass', 'Toxic Vine')"
5,2,58,459,Toxic Vine,Coactivation,Top-Left,1.65,0.5,Multi-Agent,5-2-M19,"('Fat Mushroom', 'Lucky grass', 'Toxic Vine')"
5,2,58.5,459.5,Fat Mushroom,Threat,Top-Right,1.65,0,Multi-Agent,5-2-M20,"('Fat Mushroom', 'Tall Mushroom', 'Toxic Vine')"
5,2,58.5,459.5,Tall Mushroom,Coactivation,Top-Left,1.65,0,Multi-Agent,5-2-M20,"('Fat Mushroom', 'Tall Mushroom', 'Toxic Vine')"
5,2,58.5,459.5,Toxic Vine,Coactivation,Bottom-Right,1.65,0.5,Multi-Agent,5-2-M20,"('Fat Mushroom', 'Tall Mushroom', 'Toxic Vine')"
5,2,59,460,Fat Mushroom,Threat,Bottom-Right,1.65,0,Multi-Agent,5-2-M21,"('Fat Mushroom', 'Toxic Vine')"
5,2,59,460,Toxic Vine,Coactivation,Top-Right,1.65,0.5,Multi-Agent,5-2-M21,"('Fat Mushroom', 'Toxic Vine')"
5,2,59.5,460.5,Tall Mushroom,Threat,Top-Left,1.65,0,Multi-Agent,5-2-M22,"('Tall Mushroom', 'Toxic Vine')"
5,2,59.5,460.5,Toxic Vine,Coactivation,Bottom-Right,1.65,0.5,Multi-Agent,5-2-M22,"('Tall Mushroom', 'Toxic Vine')"
5,2,60,461,Fat Mushroom,Threat,Top-Left,1.65,0,Multi-Agent,5-2-M23,"('Fat Mushroom', 'Toxic Vine')"
5,2,60,461,Toxic Vine,Coactivation,Bottom-Right,1.65,0.5,Multi-Agent,5-2-M23,"('Fat Mushroom', 'Toxic Vine')"
5,2,60.5,461.5,Lucky grass,Reward,Bottom-Right,1.65,0,Multi-Agent,5-2-M24,"('Lucky grass', 'Toxic Vine')"
5,2,60.5,461.5,Toxic Vine,Threat,Top-Right,1.65,0.5,Multi-Agent,5-2-M24,"('Lucky grass', 'Toxic Vine')"
5,2,61,462,Lucky grass,Reward,Top-Left,1.65,0,Multi-Agent,5-2-M25,"('Lucky grass', 'Toxic Vine')"
5,2,61,462,Toxic Vine,Threat,Bottom-Right,1.65,0.5,Multi-Agent,5-2-M25,"('Lucky grass', 'Toxic Vine')"
5,2,61.5,462.5,Lucky grass,Reward,Top-Left,1.65,0,Multi-Agent,5-2-M26,"('Lucky grass', 'Tall Mushroom')"
5,2,61.5,462.5,Tall Mushroom,Coactivation,Bottom-Left,1.65,0.5,Multi-Agent,5-2-M26,"('Lucky grass', 'Tall Mushroom')"
5,2,62,463,Fat Mushroom,Threat,Top-Right,1.65,0,Multi-Agent,5-2-M27,"('Fat Mushroom', 'Toxic Vine')"
5,2,62,463,Toxic Vine,Coactivation,Bottom-Left,1.65,0.5,Multi-Agent,5-2-M27,"('Fat Mushroom', 'Toxic Vine')"
5,2,62.5,463.5,Fat Mushroom,Reward,Bottom-Left,1.65,0,Multi-Agent,5-2-M28,"('Fat Mushroom', 'Lucky grass', 'Toxic Vine')"
5,2,62.5,463.5,Lucky grass,Threat,Top-Left,1.65,0,Multi-Agent,5-2-M28,"('Fat Mushroom', 'Lucky grass', 'Toxic Vine')"
5,2,62.5,463.5,Toxic Vine,Coactivation,Top-Right,1.65,0.5,Multi-Agent,5-2-M28,"('Fat Mushroom', 'Lucky grass', 'Toxic Vine')"
5,2,63,464,Fat Mushroom,Reward,Top-Right,1.65,0,Multi-Agent,5-2-M29,"('Fat Mushroom', 'Lucky grass', 'Tall Mushroom')"
5,2,63,464,Lucky grass,Coactivation,Bottom-Right,1.65,0,Multi-Agent,5-2-M29,"('Fat Mushroom', 'Lucky grass', 'Tall Mushroom')"
5,2,63,464,Tall Mushroom,Coactivation,Top-Left,1.65,0.5,Multi-Agent,5-2-M29,"('Fat Mushroom', 'Lucky grass', 'Tall Mushroom')"
5,2,63.5,464.5,Tall Mushroom,Threat,Bottom-Left,1.65,0,Multi-Agent,5-2-M30,"('Tall Mushroom', 'Toxic Vine')"
5,2,63.5,464.5,Toxic Vine,Coactivation,Top-Left,1.65,6.5,Multi-Agent,5-2-M30,"('Tall Mushroom', 'Toxic Vine')"
5,3,70,471,Lucky grass,Reward,Top-Left,1.7,3,Single-Agent,5-3-S1,
5,3,73,474,Toxic Vine,Threat,Top-Right,1.7,3,Single-Agent,5-3-S2,
5,3,76,477,Fat Mushroom,Coactivation,Bottom-Left,1.7,3,Single-Agent,5-3-S3,
5,3,79,480,Tall Mushroom,Coactivation,Bottom-Right,1.7,5,Single-Agent,5-3-S4,
5,3,84,485,Fat Mushroom,Threat,Top-Left,1.7,0,Multi-Agent,5-3-M1,"('Fat Mushroom', 'Toxic Vine')"
5,3,84,485,Toxic Vine,Coactivation,Bottom-Right,1.7,0.5,Multi-Agent,5-3-M1,"('Fat Mushroom', 'Toxic Vine')"
5,3,84.5,485.5,Fat Mushroom,Coactivation,Top-Right,1.7,0,Multi-Agent,5-3-M2,"('Fat Mushroom', 'Tall Mushroom')"
5,3,84.5,485.5,Tall Mushroom,Coactivation,Bottom-Left,1.7,0.5,Multi-Agent,5-3-M2,"('Fat Mushroom', 'Tall Mushroom')"
5,3,85,486,Tall Mushroom,Threat,Bottom-Right,1.7,0,Multi-Agent,5-3-M3,"('Tall Mushroom', 'Toxic Vine')"
5,3,85,486,Toxic Vine,Coactivation,Top-Right,1.7,0.5,Multi-Agent,5-3-M3,"('Tall Mushroom', 'Toxic Vine')"
5,3,85.5,486.5,Fat Mushroom,Reward,Bottom-Right,1.7,0,Multi-Agent,5-3-M4,"('Fat Mushroom', 'Lucky grass')"
5,3,85.5,486.5,Lucky grass,Coactivation,Bottom-Left,1.7,0.5,Multi-Agent,5-3-M4,"('Fat Mushroom', 'Lucky grass')"
5,3,86,487,Lucky grass,Reward,Top-Left,1.7,0,Multi-Agent,5-3-M5,"('Lucky grass', 'Toxic Vine')"
5,3,86,487,Toxic Vine,Threat,Bottom-Right,1.7,0.5,Multi-Agent,5-3-M5,"('Lucky grass', 'Toxic Vine')"
5,3,86.5,487.5,Fat Mushroom,Coactivation,Bottom-Left,1.7,0,Multi-Agent,5-3-M6,"('Fat Mushroom', 'Tall Mushroom')"
5,3,86.5,487.5,Tall Mushroom,Coactivation,Bottom-Right,1.7,0.5,Multi-Agent,5-3-M6,"('Fat Mushroom', 'Tall Mushroom')"
5,3,87,488,Fat Mushroom,Reward,Bottom-Right,1.7,0,Multi-Agent,5-3-M7,"('Fat Mushroom', 'Lucky grass', 'Toxic Vine')"
5,3,87,488,Lucky grass,Threat,Top-Left,1.7,0,Multi-Agent,5-3-M7,"('Fat Mushroom', 'Lucky grass', 'Toxic Vine')"
5,3,87,488,Toxic Vine,Coactivation,Bottom-Left,1.7,0.5,Multi-Agent,5-3-M7,"('Fat Mushroom', 'Lucky grass', 'Toxic Vine')"
5,3,87.5,488.5,Fat Mushroom,Reward,Top-Right,1.7,0,Multi-Agent,5-3-M8,"('Fat Mushroom', 'Lucky grass', 'Tall Mushroom', 'Toxic Vine')"
5,3,87.5,488.5,Lucky grass,Threat,Bottom-Right,1.7,0,Multi-Agent,5-3-M8,"('Fat Mushroom', 'Lucky grass', 'Tall Mushroom', 'Toxic Vine')"
5,3,87.5,488.5,Tall Mushroom,Coactivation,Bottom-Left,1.7,0,Multi-Agent,5-3-M8,"('Fat Mushroom', 'Lucky grass', 'Tall Mushroom', 'Toxic Vine')"
5,3,87.5,488.5,Toxic Vine,Coactivation,Top-Left,1.7,0.5,Multi-Agent,5-3-M8,"('Fat Mushroom', 'Lucky grass', 'Tall Mushroom', 'Toxic Vine')"
5,3,88,489,Fat Mushroom,Threat,Bottom-Right,1.7,0,Multi-Agent,5-3-M9,"('Fat Mushroom', 'Tall Mushroom', 'Toxic Vine')"
5,3,88,489,Tall Mushroom,Coactivation,Top-Left,1.7,0,Multi-Agent,5-3-M9,"('Fat Mushroom', 'Tall Mushroom', 'Toxic Vine')"
5,3,88,489,Toxic Vine,Coactivation,Top-Right,1.7,0.5,Multi-Agent,5-3-M9,"('Fat Mushroom', 'Tall Mushroom', 'Toxic Vine')"
5,3,88.5,489.5,Fat Mushroom,Coactivation,Bottom-Right,1.7,0,Multi-Agent,5-3-M10,"('Fat Mushroom', 'Tall Mushroom')"
5,3,88.5,489.5,Tall Mushroom,Coactivation,Top-Left,1.7,0.5,Multi-Agent,5-3-M10,"('Fat Mushroom', 'Tall Mushroom')"
5,3,89,490,Lucky grass,Reward,Bottom-Left,1.7,0,Multi-Agent,5-3-M11,"('Lucky grass', 'Tall Mushroom', 'Toxic Vine')"
5,3,89,490,Tall Mushroom,Threat,Top-Left,1.7,0,Multi-Agent,5-3-M11,"('Lucky grass', 'Tall Mushroom', 'Toxic Vine')"
5,3,89,490,Toxic Vine,Coactivation,Top-Right,1.7,0.5,Multi-Agent,5-3-M11,"('Lucky grass', 'Tall Mushroom', 'Toxic Vine')"
5,3,89.5,490.5,Tall Mushroom,Threat,Bottom-Right,1.7,0,Multi-Agent,5-3-M12,"('Tall Mushroom', 'Toxic Vine')"
5,3,89.5,490.5,Toxic Vine,Coactivation,Top-Right,1.7,0.5,Multi-Agent,5-3-M12,"('Tall Mushroom', 'Toxic Vine')"
5,3,90,491,Lucky grass,Reward,Top-Right,1.7,0,Multi-Agent,5-3-M13,"('Lucky grass', 'Toxic Vine')"
5,3,90,491,Toxic Vine,Threat,Bottom-Right,1.7,0.5,Multi-Agent,5-3-M13,"('Lucky grass', 'Toxic Vine')"
5,3,90.5,491.5,Fat Mushroom,Reward,Bottom-Right,1.7,0,Multi-Agent,5-3-M14,"('Fat Mushroom', 'Lucky grass')"
5,3,90.5,491.5,Lucky grass,Coactivation,Top-Right,1.7,0.5,Multi-Agent,5-3-M14,"('Fat Mushroom', 'Lucky grass')"
5,3,91,492,Lucky grass,Reward,Bottom-Left,1.7,0,Multi-Agent,5-3-M15,"('Lucky grass', 'Tall Mushroom')"
5,3,91,492,Tall Mushroom,Coactivation,Top-Right,1.7,0.5,Multi-Agent,5-3-M15,"('Lucky grass', 'Tall Mushroom')"
5,3,91.5,492.5,Fat Mushroom,Threat,Top-Right,1.7,0,Multi-Agent,5-3-M16,"('Fat Mushroom', 'Toxic Vine')"
5,3,91.5,492.5,Toxic Vine,Coactivation,Top-Left,1.7,0.5,Multi-Agent,5-3-M16,"('Fat Mushroom', 'Toxic Vine')"
5,3,92,493,Lucky grass,Reward,Top-Right,1.7,0,Multi-Agent,5-3-M17,"('Lucky grass', 'Tall Mushroom', 'Toxic Vine')"
5,3,92,493,Tall Mushroom,Threat,Top-Left,1.7,0,Multi-Agent,5-3-M17,"('Lucky grass', 'Tall Mushroom', 'Toxic Vine')"
5,3,92,493,Toxic Vine,Coactivation,Bottom-Right,1.7,0.5,Multi-Agent,5-3-M17,"('Lucky grass', 'Tall Mushroom', 'Toxic Vine')"
5,3,92.5,493.5,Tall Mushroom,Threat,Bottom-Left,1.7,0,Multi-Agent,5-3-M18,"('Tall Mushroom', 'Toxic Vine')"
5,3,92.5,493.5,Toxic Vine,Coactivation,Top-Right,1.7,0.5,Multi-Agent,5-3-M18,"('Tall Mushroom', 'Toxic Vine')"
5,3,93,494,Fat Mushroom,Reward,Top-Left,1.7,0,Multi-Agent,5-3-M19,"('Fat Mushroom', 'Lucky grass', 'Tall Mushroom', 'Toxic Vine')"
5,3,93,494,Lucky grass,Threat,Bottom-Right,1.7,0,Multi-Agent,5-3-M19,"('Fat Mushroom', 'Lucky grass', 'Tall Mushroom', 'Toxic Vine')"
5,3,93,494,Tall Mushroom,Coactivation,Top-Right,1.7,0,Multi-Agent,5-3-M19,"('Fat Mushroom', 'Lucky grass', 'Tall Mushroom', 'Toxic Vine')"
5,3,93,494,Toxic Vine,Coactivation,Bottom-Left,1.7,0.5,Multi-Agent,5-3-M19,"('Fat Mushroom', 'Lucky grass', 'Tall Mushroom', 'Toxic Vine')"
5,3,93.5,494.5,Fat Mushroom,Reward,Top-Left,1.7,0,Multi-Agent,5-3-M20,"('Fat Mushroom', 'Lucky grass', 'Tall Mushroom', 'Toxic Vine')"
5,3,93.5,494.5,Lucky grass,Threat,Bottom-Right,1.7,0,Multi-Agent,5-3-M20,"('Fat Mushroom', 'Lucky grass', 'Tall Mushroom', 'Toxic Vine')"
5,3,93.5,494.5,Tall Mushroom,Coactivation,Bottom-Left,1.7,0,Multi-Agent,5-3-M20,"('Fat Mushroom', 'Lucky grass', 'Tall Mushroom', 'Toxic Vine')"
5,3,93.5,494.5,Toxic Vine,Coactivation,Top-Right,1.7,0.5,Multi-Agent,5-3-M20,"('Fat Mushroom', 'Lucky grass', 'Tall Mushroom', 'Toxic Vine')"
5,3,94,495,Fat Mushroom,Threat,Top-Right,1.7,0,Multi-Agent,5-3-M21,"('Fat Mushroom', 'Toxic Vine')"
5,3,94,495,Toxic Vine,Coactivation,Bottom-Left,1.7,0.5,Multi-Agent,5-3-M21,"('Fat Mushroom', 'Toxic Vine')"
5,3,94.5,495.5,Fat Mushroom,Coactivation,Top-Left,1.7,0,Multi-Agent,5-3-M22,"('Fat Mushroom', 'Tall Mushroom')"
5,3,94.5,495.5,Tall Mushroom,Coactivation,Top-Right,1.7,0.5,Multi-Agent,5-3-M22,"('Fat Mushroom', 'Tall Mushroom')"
5,3,95,496,Lucky grass,Reward,Top-Right,1.7,0,Multi-Agent,5-3-M23,"('Lucky grass', 'Toxic Vine')"
5,3,95,496,Toxic Vine,Threat,Bottom-Right,1.7,0.5,Multi-Agent,5-3-M23,"('Lucky grass', 'Toxic Vine')"
5,3,95.5,496.5,Fat Mushroom,Threat,Top-Right,1.7,0,Multi-Agent,5-3-M24,"('Fat Mushroom', 'Toxic Vine')"
5,3,95.5,496.5,Toxic Vine,Coactivation,Bottom-Left,1.7,0.5,Multi-Agent,5-3-M24,"('Fat Mushroom', 'Toxic Vine')"
5,3,96,497,Lucky grass,Reward,Bottom-Right,1.7,0,Multi-Agent,5-3-M25,"('Lucky grass', 'Toxic Vine')"
5,3,96,497,Toxic Vine,Threat,Bottom-Left,1.7,0.5,Multi-Agent,5-3-M25,"('Lucky grass', 'Toxic Vine')"
5,3,96.5,497.5,Fat Mushroom,Reward,Bottom-Right,1.7,0,Multi-Agent,5-3-M26,"('Fat Mushroom', 'Lucky grass', 'Toxic Vine')"
5,3,96.5,497.5,Lucky grass,Threat,Top-Right,1.7,0,Multi-Agent,5-3-M26,"('Fat Mushroom', 'Lucky grass', 'Toxic Vine')"
5,3,96.5,497.5,Toxic Vine,Coactivation,Top-Left,1.7,0.5,Multi-Agent,5-3-M26,"('Fat Mushroom', 'Lucky grass', 'Toxic Vine')"
5,3,97,498,Fat Mushroom,Threat,Top-Left,1.7,0,Multi-Agent,5-3-M27,"('Fat Mushroom', 'Toxic Vine')"
5,3,97,498,Toxic Vine,Coactivation,Top-Right,1.7,0.5,Multi-Agent,5-3-M27,"('Fat Mushroom', 'Toxic Vine')"
5,3,97.5,498.5,Fat Mushroom,Threat,Bottom-Left,1.7,0,Multi-Agent,5-3-M28,"('Fat Mushroom', 'Toxic Vine')"
5,3,97.5,498.5,Toxic Vine,Coactivation,Top-Right,1.7,0.5,Multi-Agent,5-3-M28,"('Fat Mushroom', 'Toxic Vine')"
5,3,98,499,Lucky grass,Reward,Bottom-Left,1.7,0,Multi-Agent,5-3-M29,"('Lucky grass', 'Toxic Vine')"
5,3,98,499,Toxic Vine,Threat,Top-Right,1.7,0.5,Multi-Agent,5-3-M29,"('Lucky grass', 'Toxic Vine')"
5,3,98.5,499.5,Fat Mushroom,Coactivation,Bottom-Right,1.7,0,Multi-Agent,5-3-M30,"('Fat Mushroom', 'Tall Mushroom')"
5,3,98.5,499.5,Tall Mushroom,Coactivation,Bottom-Left,1.7,1.5,Multi-Agent,5-3-M30,"('Fat Mushroom', 'Tall Mushroom')"
6,1,0,501,Lucky grass,Reward,Top-Left,1.75,3,Single-Agent,6-1-S1,
6,1,3,504,Toxic Vine,Threat,Top-Right,1.75,3,Single-Agent,6-1-S2,
6,1,6,507,Fat Mushroom,Coactivation,Bottom-Left,1.75,3,Single-Agent,6-1-S3,
6,1,9,510,Tall Mushroom,Coactivation,Bottom-Right,1.75,5,Single-Agent,6-1-S4,
6,1,14,515,Lucky grass,Reward,Top-Left,1.75,0,Multi-Agent,6-1-M1,"('Lucky grass', 'Tall Mushroom', 'Toxic Vine')"
6,1,14,515,Tall Mushroom,Threat,Bottom-Left,1.75,0,Multi-Agent,6-1-M1,"('Lucky grass', 'Tall Mushroom', 'Toxic Vine')"
6,1,14,515,Toxic Vine,Coactivation,Bottom-Right,1.75,0.5,Multi-Agent,6-1-M1,"('Lucky grass', 'Tall Mushroom', 'Toxic Vine')"
6,1,14.5,515.5,Fat Mushroom,Coactivation,Bottom-Right,1.75,0,Multi-Agent,6-1-M2,"('Fat Mushroom', 'Tall Mushroom')"
6,1,14.5,515.5,Tall Mushroom,Coactivation,Top-Right,1.75,0.5,Multi-Agent,6-1-M2,"('Fat Mushroom', 'Tall Mushroom')"
6,1,15,516,Lucky grass,Reward,Top-Left,1.75,0,Multi-Agent,6-1-M3,"('Lucky grass', 'Toxic Vine')"
6,1,15,516,Toxic Vine,Threat,Top-Right,1.75,0.5,Multi-Agent,6-1-M3,"('Lucky grass', 'Toxic Vine')"
6,1,15.5,516.5,Fat Mushroom,Reward,Bottom-Left,1.75,0,Multi-Agent,6-1-M4,"('Fat Mushroom', 'Lucky grass')"
6,1,15.5,516.5,Lucky grass,Coactivation,Top-Right,1.75,0.5,Multi-Agent,6-1-M4,"('Fat Mushroom', 'Lucky grass')"
6,1,16,517,Fat Mushroom,Coactivation,Bottom-Right,1.75,0,Multi-Agent,6-1-M5,"('Fat Mushroom', 'Tall Mushroom')"
6,1,16,517,Tall Mushroom,Coactivation,Bottom-Left,1.75,0.5,Multi-Agent,6-1-M5,"('Fat Mushroom', 'Tall Mushroom')"
6,1,16.5,517.5,Fat Mushroom,Coactivation,Bottom-Right,1.75,0,Multi-Agent,6-1-M6,"('Fat Mushroom', 'Tall Mushroom')"
6,1,16.5,517.5,Tall Mushroom,Coactivation,Top-Left,1.75,0.5,Multi-Agent,6-1-M6,"('Fat Mushroom', 'Tall Mushroom')"
6,1,17,518,Fat Mushroom,Reward,Bottom-Left,1.75,0,Multi-Agent,6-1-M7,"('Fat Mushroom', 'Lucky grass', 'Tall Mushroom', 'Toxic Vine')"
6,1,17,518,Lucky grass,Threat,Bottom-Right,1.75,0,Multi-Agent,6-1-M7,"('Fat Mushroom', 'Lucky grass', 'Tall Mushroom', 'Toxic Vine')"
6,1,17,518,Tall Mushroom,Coactivation,Top-Left,1.75,0,Multi-Agent,6-1-M7,"('Fat Mushroom', 'Lucky grass', 'Tall Mushroom', 'Toxic Vine')"
6,1,17,518,Toxic Vine,Coactivation,Top-Right,1.75,0.5,Multi-Agent,6-1-M7,"('Fat Mushroom', 'Lucky grass', 'Tall Mushroom', 'Toxic Vine')"
6,1,17.5,518.5,Fat Mushroom,Threat,Top-Right,1.75,0,Multi-Agent,6-1-M8,"('Fat Mushroom', 'Toxic Vine')"
6,1,17.5,518.5,Toxic Vine,Coactivation,Bottom-Left,1.75,0.5,Multi-Agent,6-1-M8,"('Fat Mushroom', 'Toxic Vine')"
6,1,18,519,Lucky grass,Reward,Bottom-Left,1.75,0,Multi-Agent,6-1-M9,"('Lucky grass', 'Toxic Vine')"
6,1,18,519,Toxic Vine,Threat,Top-Left,1.75,0.5,Multi-Agent,6-1-M9,"('Lucky grass', 'Toxic Vine')"
6,1,18.5,519.5,Fat Mushroom,Reward,Bottom-Right,1.75,0,Multi-Agent,6-1-M10,"('Fat Mushroom', 'Lucky grass', 'Tall Mushroom')"
6,1,18.5,519.5,Lucky grass,Coactivation,Top-Left,1.75,0,Multi-Agent,6-1-M10,"('Fat Mushroom', 'Lucky grass', 'Tall Mushroom')"
6,1,18.5,519.5,Tall Mushroom,Coactivation,Top-Right,1.75,0.5,Multi-Agent,6-1-M10,"('Fat Mushroom', 'Lucky grass', 'Tall Mushroom')"
6,1,19,520,Fat Mushroom,Coactivation,Bottom-Right,1.75,0,Multi-Agent,6-1-M11,"('Fat Mushroom', 'Tall Mushroom')"
6,1,19,520,Tall Mushroom,Coactivation,Top-Right,1.75,0.5,Multi-Agent,6-1-M11,"('Fat Mushroom', 'Tall Mushroom')"
6,1,19.5,520.5,Fat Mushroom,Reward,Top-Right,1.75,0,Multi-Agent,6-1-M12,"('Fat Mushroom', 'Lucky grass', 'Tall Mushroom')"
6,1,19.5,520.5,Lucky grass,Coactivation,Bottom-Left,1.75,0,Multi-Agent,6-1-M12,"('Fat Mushroom', 'Lucky grass', 'Tall Mushroom')"
6,1,19.5,520.5,Tall Mushroom,Coactivation,Bottom-Right,1.75,0.5,Multi-Agent,6-1-M12,"('Fat Mushroom', 'Lucky grass', 'Tall Mushroom')"
6,1,20,521,Fat Mushroom,Coactivation,Top-Left,1.75,0,Multi-Agent,6-1-M13,"('Fat Mushroom', 'Tall Mushroom')"
6,1,20,521,Tall Mushroom,Coactivation,Bottom-Right,1.75,0.5,Multi-Agent,6-1-M13,"('Fat Mushroom', 'Tall Mushroom')"
6,1,20.5,521.5,Fat Mushroom,Coactivation,Bottom-Left,1.75,0,Multi-Agent,6-1-M14,"('Fat Mushroom', 'Tall Mushroom')"
6,1,20.5,521.5,Tall Mushroom,Coactivation,Top-Right,1.75,0.5,Multi-Agent,6-1-M14,"('Fat Mushroom', 'Tall Mushroom')"
6,1,21,522,Fat Mushroom,Reward,Bottom-Right,1.75,0,Multi-Agent,6-1-M15,"('Fat Mushroom', 'Lucky grass', 'Tall Mushroom')"
6,1,21,522,Lucky grass,Coactivation,Top-Left,1.75,0,Multi-Agent,6-1-M15,"('Fat Mushroom', 'Lucky grass', 'Tall Mushroom')"
6,1,21,522,Tall Mushroom,Coactivation,Bottom-Left,1.75,0.5,Multi-Agent,6-1-M15,"('Fat Mushroom', 'Lucky grass', 'Tall Mushroom')"
6,1,21.5,522.5,Fat Mushroom,Threat,Bottom-Right,1.75,0,Multi-Agent,6-1-M16,"('Fat Mushroom', 'Toxic Vine')"
6,1,21.5,522.5,Toxic Vine,Coactivation,Bottom-Left,1.75,0.5,Multi-Agent,6-1-M16,"('Fat Mushroom', 'Toxic Vine')"
6,1,22,523,Lucky grass,Reward,Bottom-Right,1.75,0,Multi-Agent,6-1-M17,"('Lucky grass', 'Toxic Vine')"
6,1,22,523,Toxic Vine,Threat,Top-Right,1.75,0.5,Multi-Agent,6-1-M17,"('Lucky grass', 'Toxic Vine')"
6,1,22.5,523.5,Lucky grass,Reward,Top-Left,1.75,0,Multi-Agent,6-1-M18,"('Lucky grass', 'Tall Mushroom', 'Toxic Vine')"
6,1,22.5,523.5,Tall Mushroom,Threat,Top-Right,1.75,0,Multi-Agent,6-1-M18,"('Lucky grass', 'Tall Mushroom', 'Toxic Vine')"
6,1,22.5,523.5,Toxic Vine,Coactivation,Bottom-Right,1.75,0.5,Multi-Agent,6-1-M18,"('Lucky grass', 'Tall Mushroom', 'Toxic Vine')"
6,1,23,524,Fat Mushroom,Reward,Bottom-Left,1.75,0,Multi-Agent,6-1-M19,"('Fat Mushroom', 'Lucky grass', 'Tall Mushroom')"
6,1,23,524,Lucky grass,Coactivation,Top-Left,1.75,0,Multi-Agent,6-1-M19,"('Fat Mushroom', 'Lucky grass', 'Tall Mushroom')"
6,1,23,524,Tall Mushroom,Coactivation,Top-Right,1.75,0.5,Multi-Agent,6-1-M19,"('Fat Mushroom', 'Lucky grass', 'Tall Mushroom')"
6,1,23.5,524.5,Lucky grass,Reward,Bottom-Left,1.75,0,Multi-Agent,6-1-M20,"('Lucky grass', 'Tall Mushroom', 'Toxic Vine')"
6,1,23.5,524.5,Tall Mushroom,Threat,Bottom-Right,1.75,0,Multi-Agent,6-1-M20,"('Lucky grass', 'Tall Mushroom', 'Toxic Vine')"
6,1,23.5,524.5,Toxic Vine,Coactivation,Top-Left,1.75,0.5,Multi-Agent,6-1-M20,"('Lucky grass', 'Tall Mushroom', 'Toxic Vine')"
6,1,24,525,Fat Mushroom,Reward,Top-Right,1.75,0,Multi-Agent,6-1-M21,"('Fat Mushroom', 'Lucky grass', 'Toxic Vine')"
6,1,24,525,Lucky grass,Threat,Top-Left,1.75,0,Multi-Agent,6-1-M21,"('Fat Mushroom', 'Lucky grass', 'Toxic Vine')"
6,1,24,525,Toxic Vine,Coactivation,Bottom-Right,1.75,0.5,Multi-Agent,6-1-M21,"('Fat Mushroom', 'Lucky grass', 'Toxic Vine')"
6,1,24.5,525.5,Lucky grass,Reward,Bottom-Left,1.75,0,Multi-Agent,6-1-M22,"('Lucky grass', 'Toxic Vine')"
6,1,24.5,525.5,Toxic Vine,Threat,Top-Right,1.75,0.5,Multi-Agent,6-1-M22,"('Lucky grass', 'Toxic Vine')"
6,1,25,526,Lucky grass,Reward,Bottom-Left,1.75,0,Multi-Agent,6-1-M23,"('Lucky grass', 'Toxic Vine')"
6,1,25,526,Toxic Vine,Threat,Bottom-Right,1.75,0.5,Multi-Agent,6-1-M23,"('Lucky grass', 'Toxic Vine')"
6,1,25.5,526.5,Fat Mushroom,Reward,Top-Right,1.75,0,Multi-Agent,6-1-M24,"('Fat Mushroom', 'Lucky grass', 'Tall Mushroom')"
6,1,25.5,526.5,Lucky grass,Coactivation,Bottom-Right,1.75,0,Multi-Agent,6-1-M24,"('Fat Mushroom', 'Lucky grass', 'Tall Mushroom')"
6,1,25.5,526.5,Tall Mushroom,Coactivation,Top-Left,1.75,0.5,Multi-Agent,6-1-M24,"('Fat Mushroom', 'Lucky grass', 'Tall Mushroom')"
6,1,26,527,Fat Mushroom,Threat,Top-Right,1.75,0,Multi-Agent,6-1-M25,"('Fat Mushroom', 'Tall Mushroom', 'Toxic Vine')"
6,1,26,527,Tall Mushroom,Coactivation,Bottom-Left,1.75,0,Multi-Agent,6-1-M25,"('Fat Mushroom', 'Tall Mushroom', 'Toxic Vine')"
6,1,26,527,Toxic Vine,Coactivation,Top-Left,1.75,0.5,Multi-Agent,6-1-M25,"('Fat Mushroom', 'Tall Mushroom', 'Toxic Vine')"
6,1,26.5,527.5,Fat Mushroom,Reward,Bottom-Right,1.75,0,Multi-Agent,6-1-M26,"('Fat Mushroom', 'Lucky grass', 'Tall Mushroom', 'Toxic Vine')"
6,1,26.5,527.5,Lucky grass,Threat,Top-Right,1.75,0,Multi-Agent,6-1-M26,"('Fat Mushroom', 'Lucky grass', 'Tall Mushroom', 'Toxic Vine')"
6,1,26.5,527.5,Tall Mushroom,Coactivation,Bottom-Left,1.75,0,Multi-Agent,6-1-M26,"('Fat Mushroom', 'Lucky grass', 'Tall Mushroom', 'Toxic Vine')"
6,1,26.5,527.5,Toxic Vine,Coactivation,Top-Left,1.75,0.5,Multi-Agent,6-1-M26,"('Fat Mushroom', 'Lucky grass', 'Tall Mushroom', 'Toxic Vine')"
6,1,27,528,Fat Mushroom,Reward,Bottom-Left,1.75,0,Multi-Agent,6-1-M27,"('Fat Mushroom', 'Lucky grass', 'Toxic Vine')"
6,1,27,528,Lucky grass,Threat,Bottom-Right,1.75,0,Multi-Agent,6-1-M27,"('Fat Mushroom', 'Lucky grass', 'Toxic Vine')"
6,1,27,528,Toxic Vine,Coactivation,Top-Left,1.75,0.5,Multi-Agent,6-1-M27,"('Fat Mushroom', 'Lucky grass', 'Toxic Vine')"
6,1,27.5,528.5,Fat Mushroom,Reward,Bottom-Left,1.75,0,Multi-Agent,6-1-M28,"('Fat Mushroom', 'Lucky grass', 'Toxic Vine')"
6,1,27.5,528.5,Lucky grass,Threat,Top-Right,1.75,0,Multi-Agent,6-1-M28,"('Fat Mushroom', 'Lucky grass', 'Toxic Vine')"
6,1,27.5,528.5,Toxic Vine,Coactivation,Bottom-Right,1.75,0.5,Multi-Agent,6-1-M28,"('Fat Mushroom', 'Lucky grass', 'Toxic Vine')"
6,1,28,529,Lucky grass,Reward,Top-Right,1.75,0,Multi-Agent,6-1-M29,"('Lucky grass', 'Tall Mushroom', 'Toxic Vine')"
6,1,28,529,Tall Mushroom,Threat,Bottom-Left,1.75,0,Multi-Agent,6-1-M29,"('Lucky grass', 'Tall Mushroom', 'Toxic Vine')"
6,1,28,529,Toxic Vine,Coactivation,Top-Left,1.75,0.5,Multi-Agent,6-1-M29,"('Lucky grass', 'Tall Mushroom', 'Toxic Vine')"
6,1,28.5,529.5,Fat Mushroom,Reward,Bottom-Right,1.75,0,Multi-Agent,6-1-M30,"('Fat Mushroom', 'Lucky grass', 'Toxic Vine')"
6,1,28.5,529.5,Lucky grass,Threat,Bottom-Left,1.75,0,Multi-Agent,6-1-M30,"('Fat Mushroom', 'Lucky grass', 'Toxic Vine')"
6,1,28.5,529.5,Toxic Vine,Coactivation,Top-Left,1.75,6.5,Multi-Agent,6-1-M30,"('Fat Mushroom', 'Lucky grass', 'Toxic Vine')"
6,2,35,536,Lucky grass,Reward,Top-Left,1.8,3,Single-Agent,6-2-S1,
6,2,38,539,Toxic Vine,Threat,Top-Right,1.8,3,Single-Agent,6-2-S2,
6,2,41,542,Fat Mushroom,Coactivation,Bottom-Left,1.8,3,Single-Agent,6-2-S3,
6,2,44,545,Tall Mushroom,Coactivation,Bottom-Right,1.8,5,Single-Agent,6-2-S4,
6,2,49,550,Lucky grass,Reward,Bottom-Right,1.8,0,Multi-Agent,6-2-M1,"('Lucky grass', 'Toxic Vine')"
6,2,49,550,Toxic Vine,Threat,Top-Left,1.8,0.5,Multi-Agent,6-2-M1,"('Lucky grass', 'Toxic Vine')"
6,2,49.5,550.5,Lucky grass,Reward,Top-Right,1.8,0,Multi-Agent,6-2-M2,"('Lucky grass', 'Tall Mushroom', 'Toxic Vine')"
6,2,49.5,550.5,Tall Mushroom,Threat,Bottom-Right,1.8,0,Multi-Agent,6-2-M2,"('Lucky grass', 'Tall Mushroom', 'Toxic Vine')"
6,2,49.5,550.5,Toxic Vine,Coactivation,Bottom-Left,1.8,0.5,Multi-Agent,6-2-M2,"('Lucky grass', 'Tall Mushroom', 'Toxic Vine')"
6,2,50,551,Lucky grass,Reward,Top-Left,1.8,0,Multi-Agent,6-2-M3,"('Lucky grass', 'Tall Mushroom', 'Toxic Vine')"
6,2,50,551,Tall Mushroom,Threat,Bottom-Right,1.8,0,Multi-Agent,6-2-M3,"('Lucky grass', 'Tall Mushroom', 'Toxic Vine')"
6,2,50,551,Toxic Vine,Coactivation,Top-Right,1.8,0.5,Multi-Agent,6-2-M3,"('Lucky grass', 'Tall Mushroom', 'Toxic Vine')"
6,2,50.5,551.5,Lucky grass,Reward,Top-Left,1.8,0,Multi-Agent,6-2-M4,"('Lucky grass', 'Tall Mushroom', 'Toxic Vine')"
6,2,50.5,551.5,Tall Mushroom,Threat,Bottom-Right,1.8,0,Multi-Agent,6-2-M4,"('Lucky grass', 'Tall Mushroom', 'Toxic Vine')"
6,2,50.5,551.5,Toxic Vine,Coactivation,Bottom-Left,1.8,0.5,Multi-Agent,6-2-M4,"('Lucky grass', 'Tall Mushroom', 'Toxic Vine')"
6,2,51,552,Fat Mushroom,Reward,Bottom-Right,1.8,0,Multi-Agent,6-2-M5,"('Fat Mushroom', 'Lucky grass')"
6,2,51,552,Lucky grass,Coactivation,Bottom-Left,1.8,0.5,Multi-Agent,6-2-M5,"('Fat Mushroom', 'Lucky grass')"
6,2,51.5,552.5,Fat Mushroom,Reward,Bottom-Left,1.8,0,Multi-Agent,6-2-M6,"('Fat Mushroom', 'Lucky grass', 'Tall Mushroom', 'Toxic Vine')"
6,2,51.5,552.5,Lucky grass,Threat,Top-Left,1.8,0,Multi-Agent,6-2-M6,"('Fat Mushroom', 'Lucky grass', 'Tall Mushroom', 'Toxic Vine')"
6,2,51.5,552.5,Tall Mushroom,Coactivation,Top-Right,1.8,0,Multi-Agent,6-2-M6,"('Fat Mushroom', 'Lucky grass', 'Tall Mushroom', 'Toxic Vine')"
6,2,51.5,552.5,Toxic Vine,Coactivation,Bottom-Right,1.8,0.5,Multi-Agent,6-2-M6,"('Fat Mushroom', 'Lucky grass', 'Tall Mushroom', 'Toxic Vine')"
6,2,52,553,Fat Mushroom,Coactivation,Bottom-Right,1.8,0,Multi-Agent,6-2-M7,"('Fat Mushroom', 'Tall Mushroom')"
6,2,52,553,Tall Mushroom,Coactivation,Top-Left,1.8,0.5,Multi-Agent,6-2-M7,"('Fat Mushroom', 'Tall Mushroom')"
6,2,52.5,553.5,Fat Mushroom,Reward,Bottom-Right,1.8,0,Multi-Agent,6-2-M8,"('Fat Mushroom', 'Lucky grass', 'Tall Mushroom')"
6,2,52.5,553.5,Lucky grass,Coactivation,Bottom-Left,1.8,0,Multi-Agent,6-2-M8,"('Fat Mushroom', 'Lucky grass', 'Tall Mushroom')"
6,2,52.5,553.5,Tall Mushroom,Coactivation,Top-Left,1.8,0.5,Multi-Agent,6-2-M8,"('Fat Mushroom', 'Lucky grass', 'Tall Mushroom')"
6,2,53,554,Lucky grass,Reward,Top-Right,1.8,0,Multi-Agent,6-2-M9,"('Lucky grass', 'Tall Mushroom')"
6,2,53,554,Tall Mushroom,Coactivation,Top-Left,1.8,0.5,Multi-Agent,6-2-M9,"('Lucky grass', 'Tall Mushroom')"
6,2,53.5,554.5,Fat Mushroom,Reward,Bottom-Left,1.8,0,Multi-Agent,6-2-M10,"('Fat Mushroom', 'Lucky grass', 'Tall Mushroom')"
6,2,53.5,554.5,Lucky grass,Coactivation,Top-Right,1.8,0,Multi-Agent,6-2-M10,"('Fat Mushroom', 'Lucky grass', 'Tall Mushroom')"
6,2,53.5,554.5,Tall Mushroom,Coactivation,Top-Left,1.8,0.5,Multi-Agent,6-2-M10,"('Fat Mushroom', 'Lucky grass', 'Tall Mushroom')"
6,2,54,555,Fat Mushroom,Reward,Top-Right,1.8,0,Multi-Agent,6-2-M11,"('Fat Mushroom', 'Lucky grass', 'Tall Mushroom', 'Toxic Vine')"
6,2,54,555,Lucky grass,Threat,Bottom-Right,1.8,0,Multi-Agent,6-2-M11,"('Fat Mushroom', 'Lucky grass', 'Tall Mushroom', 'Toxic Vine')"
6,2,54,555,Tall Mushroom,Coactivation,Bottom-Left,1.8,0,Multi-Agent,6-2-M11,"('Fat Mushroom', 'Lucky grass', 'Tall Mushroom', 'Toxic Vine')"
6,2,54,555,Toxic Vine,Coactivation,Top-Left,1.8,0.5,Multi-Agent,6-2-M11,"('Fat Mushroom', 'Lucky grass', 'Tall Mushroom', 'Toxic Vine')"
6,2,54.5,555.5,Fat Mushroom,Coactivation,Bottom-Left,1.8,0,Multi-Agent,6-2-M12,"('Fat Mushroom', 'Tall Mushroom')"
6,2,54.5,555.5,Tall Mushroom,Coactivation,Bottom-Right,1.8,0.5,Multi-Agent,6-2-M12,"('Fat Mushroom', 'Tall Mushroom')"
6,2,55,556,Lucky grass,Reward,Top-Right,1.8,0,Multi-Agent,6-2-M13,"('Lucky grass', 'Toxic Vine')"
6,2,55,556,Toxic Vine,Threat,Top-Left,1.8,0.5,Multi-Agent,6-2-M13,"('Lucky grass', 'Toxic Vine')"
6,2,55.5,556.5,Fat Mushroom,Reward,Bottom-Left,1.8,0,Multi-Agent,6-2-M14,"('Fat Mushroom', 'Lucky grass', 'Tall Mushroom')"
6,2,55.5,556.5,Lucky grass,Coactivation,Top-Left,1.8,0,Multi-Agent,6-2-M14,"('Fat Mushroom', 'Lucky grass', 'Tall Mushroom')"
6,2,55.5,556.5,Tall Mushroom,Coactivation,Top-Right,1.8,0.5,Multi-Agent,6-2-M14,"('Fat Mushroom', 'Lucky grass', 'Tall Mushroom')"
6,2,56,557,Fat Mushroom,Threat,Top-Left,1.8,0,Multi-Agent,6-2-M15,"('Fat Mushroom', 'Toxic Vine')"
6,2,56,557,Toxic Vine,Coactivation,Bottom-Right,1.8,0.5,Multi-Agent,6-2-M15,"('Fat Mushroom', 'Toxic Vine')"
6,2,56.5,557.5,Tall Mushroom,Threat,Bottom-Left,1.8,0,Multi-Agent,6-2-M16,"('Tall Mushroom', 'Toxic Vine')"
6,2,56.5,557.5,Toxic Vine,Coactivation,Bottom-Right,1.8,0.5,Multi-Agent,6-2-M16,"('Tall Mushroom', 'Toxic Vine')"
6,2,57,558,Fat Mushroom,Threat,Top-Left,1.8,0,Multi-Agent,6-2-M17,"('Fat Mushroom', 'Tall Mushroom', 'Toxic Vine')"
6,2,57,558,Tall Mushroom,Coactivation,Bottom-Right,1.8,0,Multi-Agent,6-2-M17,"('Fat Mushroom', 'Tall Mushroom', 'Toxic Vine')"
6,2,57,558,Toxic Vine,Coactivation,Bottom-Left,1.8,0.5,Multi-Agent,6-2-M17,"('Fat Mushroom', 'Tall Mushroom', 'Toxic Vine')"
6,2,57.5,558.5,Fat Mushroom,Threat,Bottom-Right,1.8,0,Multi-Agent,6-2-M18,"('Fat Mushroom', 'Tall Mushroom', 'Toxic Vine')"
6,2,57.5,558.5,Tall Mushroom,Coactivation,Top-Left,1.8,0,Multi-Agent,6-2-M18,"('Fat Mushroom', 'Tall Mushroom', 'Toxic Vine')"
6,2,57.5,558.5,Toxic Vine,Coactivation,Bottom-Left,1.8,0.5,Multi-Agent,6-2-M18,"('Fat Mushroom', 'Tall Mushroom', 'Toxic Vine')"
6,2,58,559,Fat Mushroom,Reward,Top-Right,1.8,0,Multi-Agent,6-2-M19,"('Fat Mushroom', 'Lucky grass', 'Toxic Vine')"
6,2,58,559,Lucky grass,Threat,Bottom-Right,1.8,0,Multi-Agent,6-2-M19,"('Fat Mushroom', 'Lucky grass', 'Toxic Vine')"
6,2,58,559,Toxic Vine,Coactivation,Top-Left,1.8,0.5,Multi-Agent,6-2-M19,"('Fat Mushroom', 'Lucky grass', 'Toxic Vine')"
6,2,58.5,559.5,Fat Mushroom,Reward,Top-Right,1.8,0,Multi-Agent,6-2-M20,"('Fat Mushroom', 'Lucky grass')"
6,2,58.5,559.5,Lucky grass,Coactivation,Top-Left,1.8,0.5,Multi-Agent,6-2-M20,"('Fat Mushroom', 'Lucky grass')"
6,2,59,560,Fat Mushroom,Threat,Bottom-Right,1.8,0,Multi-Agent,6-2-M21,"('Fat Mushroom', 'Toxic Vine')"
6,2,59,560,Toxic Vine,Coactivation,Top-Left,1.8,0.5,Multi-Agent,6-2-M21,"('Fat Mushroom', 'Toxic Vine')"
6,2,59.5,560.5,Fat Mushroom,Reward,Top-Left,1.8,0,Multi-Agent,6-2-M22,"('Fat Mushroom', 'Lucky grass')"
6,2,59.5,560.5,Lucky grass,Coactivation,Top-Right,1.8,0.5,Multi-Agent,6-2-M22,"('Fat Mushroom', 'Lucky grass')"
6,2,60,561,Lucky grass,Reward,Top-Right,1.8,0,Multi-Agent,6-2-M23,"('Lucky grass', 'Toxic Vine')"
6,2,60,561,Toxic Vine,Threat,Bottom-Right,1.8,0.5,Multi-Agent,6-2-M23,"('Lucky grass', 'Toxic Vine')"
6,2,60.5,561.5,Lucky grass,Reward,Top-Left,1.8,0,Multi-Agent,6-2-M24,"('Lucky grass', 'Tall Mushroom')"
6,2,60.5,561.5,Tall Mushroom,Coactivation,Top-Right,1.8,0.5,Multi-Agent,6-2-M24,"('Lucky grass', 'Tall Mushroom')"
6,2,61,562,Lucky grass,Reward,Top-Left,1.8,0,Multi-Agent,6-2-M25,"('Lucky grass', 'Tall Mushroom')"
6,2,61,562,Tall Mushroom,Coactivation,Bottom-Left,1.8,0.5,Multi-Agent,6-2-M25,"('Lucky grass', 'Tall Mushroom')"
6,2,61.5,562.5,Lucky grass,Reward,Top-Right,1.8,0,Multi-Agent,6-2-M26,"('Lucky grass', 'Tall Mushroom', 'Toxic Vine')"
6,2,61.5,562.5,Tall Mushroom,Threat,Bottom-Right,1.8,0,Multi-Agent,6-2-M26,"('Lucky grass', 'Tall Mushroom', 'Toxic Vine')"
6,2,61.5,562.5,Toxic Vine,Coactivation,Top-Left,1.8,0.5,Multi-Agent,6-2-M26,"('Lucky grass', 'Tall Mushroom', 'Toxic Vine')"
6,2,62,563,Fat Mushroom,Reward,Bottom-Left,1.8,0,Multi-Agent,6-2-M27,"('Fat Mushroom', 'Lucky grass')"
6,2,62,563,Lucky grass,Coactivation,Top-Left,1.8,0.5,Multi-Agent,6-2-M27,"('Fat Mushroom', 'Lucky grass')"
6,2,62.5,563.5,Fat Mushroom,Coactivation,Top-Right,1.8,0,Multi-Agent,6-2-M28,"('Fat Mushroom', 'Tall Mushroom')"
6,2,62.5,563.5,Tall Mushroom,Coactivation,Top-Left,1.8,0.5,Multi-Agent,6-2-M28,"('Fat Mushroom', 'Tall Mushroom')"
6,2,63,564,Fat Mushroom,Reward,Bottom-Left,1.8,0,Multi-Agent,6-2-M29,"('Fat Mushroom', 'Lucky grass', 'Toxic Vine')"
6,2,63,564,Lucky grass,Threat,Bottom-Right,1.8,0,Multi-Agent,6-2-M29,"('Fat Mushroom', 'Lucky grass', 'Toxic Vine')"
6,2,63,564,Toxic Vine,Coactivation,Top-Left,1.8,0.5,Multi-Agent,6-2-M29,"('Fat Mushroom', 'Lucky grass', 'Toxic Vine')"
6,2,63.5,564.5,Fat Mushroom,Threat,Bottom-Left,1.8,0,Multi-Agent,6-2-M30,"('Fat Mushroom', 'Tall Mushroom', 'Toxic Vine')"
6,2,63.5,564.5,Tall Mushroom,Coactivation,Top-Right,1.8,0,Multi-Agent,6-2-M30,"('Fat Mushroom', 'Tall Mushroom', 'Toxic Vine')"
6,2,63.5,564.5,Toxic Vine,Coactivation,Top-Left,1.8,6.5,Multi-Agent,6-2-M30,"('Fat Mushroom', 'Tall Mushroom', 'Toxic Vine')"
6,3,70,571,Lucky grass,Reward,Top-Left,1.85,3,Single-Agent,6-3-S1,
6,3,73,574,Toxic Vine,Threat,Top-Right,1.85,3,Single-Agent,6-3-S2,
6,3,76,577,Fat Mushroom,Coactivation,Bottom-Left,1.85,3,Single-Agent,6-3-S3,
6,3,79,580,Tall Mushroom,Coactivation,Bottom-Right,1.85,5,Single-Agent,6-3-S4,
6,3,84,585,Fat Mushroom,Coactivation,Top-Left,1.85,0,Multi-Agent,6-3-M1,"('Fat Mushroom', 'Tall Mushroom')"
6,3,84,585,Tall Mushroom,Coactivation,Top-Right,1.85,0.5,Multi-Agent,6-3-M1,"('Fat Mushroom', 'Tall Mushroom')"
6,3,84.5,585.5,Lucky grass,Reward,Top-Right,1.85,0,Multi-Agent,6-3-M2,"('Lucky grass', 'Toxic Vine')"
6,3,84.5,585.5,Toxic Vine,Threat,Bottom-Left,1.85,0.5,Multi-Agent,6-3-M2,"('Lucky grass', 'Toxic Vine')"
6,3,85,586,Lucky grass,Reward,Bottom-Right,1.85,0,Multi-Agent,6-3-M3,"('Lucky grass', 'Tall Mushroom', 'Toxic Vine')"
6,3,85,586,Tall Mushroom,Threat,Bottom-Left,1.85,0,Multi-Agent,6-3-M3,"('Lucky grass', 'Tall Mushroom', 'Toxic Vine')"
6,3,85,586,Toxic Vine,Coactivation,Top-Right,1.85,0.5,Multi-Agent,6-3-M3,"('Lucky grass', 'Tall Mushroom', 'Toxic Vine')"
6,3,85.5,586.5,Fat Mushroom,Reward,Bottom-Left,1.85,0,Multi-Agent,6-3-M4,"('Fat Mushroom', 'Lucky grass', 'Tall Mushroom')"
6,3,85.5,586.5,Lucky grass,Coactivation,Bottom-Right,1.85,0,Multi-Agent,6-3-M4,"('Fat Mushroom', 'Lucky grass', 'Tall Mushroom')"
6,3,85.5,586.5,Tall Mushroom,Coactivation,Top-Right,1.85,0.5,Multi-Agent,6-3-M4,"('Fat Mushroom', 'Lucky grass', 'Tall Mushroom')"
6,3,86,587,Lucky grass,Reward,Top-Right,1.85,0,Multi-Agent,6-3-M5,"('Lucky grass', 'Toxic Vine')"
6,3,86,587,Toxic Vine,Threat,Bottom-Left,1.85,0.5,Multi-Agent,6-3-M5,"('Lucky grass', 'Toxic Vine')"
6,3,86.5,587.5,Lucky grass,Reward,Top-Left,1.85,0,Multi-Agent,6-3-M6,"('Lucky grass', 'Toxic Vine')"
6,3,86.5,587.5,Toxic Vine,Threat,Bottom-Right,1.85,0.5,Multi-Agent,6-3-M6,"('Lucky grass', 'Toxic Vine')"
6,3,87,588,Lucky grass,Reward,Top-Right,1.85,0,Multi-Agent,6-3-M7,"('Lucky grass', 'Tall Mushroom')"
6,3,87,588,Tall Mushroom,Coactivation,Top-Left,1.85,0.5,Multi-Agent,6-3-M7,"('Lucky grass', 'Tall Mushroom')"
6,3,87.5,588.5,Tall Mushroom,Threat,Bottom-Right,1.85,0,Multi-Agent,6-3-M8,"('Tall Mushroom', 'Toxic Vine')"
6,3,87.5,588.5,Toxic Vine,Coactivation,Bottom-Left,1.85,0.5,Multi-Agent,6-3-M8,"('Tall Mushroom', 'Toxic Vine')"
6,3,88,589,Lucky grass,Reward,Bottom-Right,1.85,0,Multi-Agent,6-3-M9,"('Lucky grass', 'Tall Mushroom', 'Toxic Vine')"
6,3,88,589,Tall Mushroom,Threat,Top-Right,1.85,0,Multi-Agent,6-3-M9,"('Lucky grass', 'Tall Mushroom', 'Toxic Vine')"
6,3,88,589,Toxic Vine,Coactivation,Bottom-Left,1.85,0.5,Multi-Agent,6-3-M9,"('Lucky grass', 'Tall Mushroom', 'Toxic Vine')"
6,3,88.5,589.5,Fat Mushroom,Threat,Top-Left,1.85,0,Multi-Agent,6-3-M10,"('Fat Mushroom', 'Tall Mushroom', 'Toxic Vine')"
6,3,88.5,589.5,Tall Mushroom,Coactivation,Top-Right,1.85,0,Multi-Agent,6-3-M10,"('Fat Mushroom', 'Tall Mushroom', 'Toxic Vine')"
6,3,88.5,589.5,Toxic Vine,Coactivation,Bottom-Right,1.85,0.5,Multi-Agent,6-3-M10,"('Fat Mushroom', 'Tall Mushroom', 'Toxic Vine')"
6,3,89,590,Lucky grass,Reward,Top-Right,1.85,0,Multi-Agent,6-3-M11,"('Lucky grass', 'Tall Mushroom', 'Toxic Vine')"
6,3,89,590,Tall Mushroom,Threat,Bottom-Left,1.85,0,Multi-Agent,6-3-M11,"('Lucky grass', 'Tall Mushroom', 'Toxic Vine')"
6,3,89,590,Toxic Vine,Coactivation,Bottom-Right,1.85,0.5,Multi-Agent,6-3-M11,"('Lucky grass', 'Tall Mushroom', 'Toxic Vine')"
6,3,89.5,590.5,Fat Mushroom,Reward,Bottom-Right,1.85,0,Multi-Agent,6-3-M12,"('Fat Mushroom', 'Lucky grass', 'Toxic Vine')"
6,3,89.5,590.5,Lucky grass,Threat,Top-Left,1.85,0,Multi-Agent,6-3-M12,"('Fat Mushroom', 'Lucky grass', 'Toxic Vine')"
6,3,89.5,590.5,Toxic Vine,Coactivation,Bottom-Left,1.85,0.5,Multi-Agent,6-3-M12,"('Fat Mushroom', 'Lucky grass', 'Toxic Vine')"
6,3,90,591,Fat Mushroom,Reward,Top-Left,1.85,0,Multi-Agent,6-3-M13,"('Fat Mushroom', 'Lucky grass', 'Tall Mushroom', 'Toxic Vine')"
6,3,90,591,Lucky grass,Threat,Bottom-Right,1.85,0,Multi-Agent,6-3-M13,"('Fat Mushroom', 'Lucky grass', 'Tall Mushroom', 'Toxic Vine')"
6,3,90,591,Tall Mushroom,Coactivation,Bottom-Left,1.85,0,Multi-Agent,6-3-M13,"('Fat Mushroom', 'Lucky grass', 'Tall Mushroom', 'Toxic Vine')"
6,3,90,591,Toxic Vine,Coactivation,Top-Right,1.85,0.5,Multi-Agent,6-3-M13,"('Fat Mushroom', 'Lucky grass', 'Tall Mushroom', 'Toxic Vine')"
6,3,90.5,591.5,Lucky grass,Reward,Top-Left,1.85,0,Multi-Agent,6-3-M14,"('Lucky grass', 'Tall Mushroom')"
6,3,90.5,591.5,Tall Mushroom,Coactivation,Top-Right,1.85,0.5,Multi-Agent,6-3-M14,"('Lucky grass', 'Tall Mushroom')"
6,3,91,592,Fat Mushroom,Reward,Top-Left,1.85,0,Multi-Agent,6-3-M15,"('Fat Mushroom', 'Lucky grass', 'Tall Mushroom')"
6,3,91,592,Lucky grass,Coactivation,Top-Right,1.85,0,Multi-Agent,6-3-M15,"('Fat Mushroom', 'Lucky grass', 'Tall Mushroom')"
6,3,91,592,Tall Mushroom,Coactivation,Bottom-Right,1.85,0.5,Multi-Agent,6-3-M15,"('Fat Mushroom', 'Lucky grass', 'Tall Mushroom')"
6,3,91.5,592.5,Lucky grass,Reward,Top-Right,1.85,0,Multi-Agent,6-3-M16,"('Lucky grass', 'Tall Mushroom')"
6,3,91.5,592.5,Tall Mushroom,Coactivation,Bottom-Right,1.85,0.5,Multi-Agent,6-3-M16,"('Lucky grass', 'Tall Mushroom')"
6,3,92,593,Fat Mushroom,Threat,Bottom-Left,1.85,0,Multi-Agent,6-3-M17,"('Fat Mushroom', 'Tall Mushroom', 'Toxic Vine')"
6,3,92,593,Tall Mushroom,Coactivation,Top-Right,1.85,0,Multi-Agent,6-3-M17,"('Fat Mushroom', 'Tall Mushroom', 'Toxic Vine')"
6,3,92,593,Toxic Vine,Coactivation,Top-Left,1.85,0.5,Multi-Agent,6-3-M17,"('Fat Mushroom', 'Tall Mushroom', 'Toxic Vine')"
6,3,92.5,593.5,Tall Mushroom,Threat,Bottom-Right,1.85,0,Multi-Agent,6-3-M18,"('Tall Mushroom', 'Toxic Vine')"
6,3,92.5,593.5,Toxic Vine,Coactivation,Bottom-Left,1.85,0.5,Multi-Agent,6-3-M18,"('Tall Mushroom', 'Toxic Vine')"
6,3,93,594,Fat Mushroom,Coactivation,Bottom-Left,1.85,0,Multi-Agent,6-3-M19,"('Fat Mushroom', 'Tall Mushroom')"
6,3,93,594,Tall Mushroom,Coactivation,Top-Left,1.85,0.5,Multi-Agent,6-3-M19,"('Fat Mushroom', 'Tall Mushroom')"
6,3,93.5,594.5,Lucky grass,Reward,Bottom-Right,1.85,0,Multi-Agent,6-3-M20,"('Lucky grass', 'Tall Mushroom')"
6,3,93.5,594.5,Tall Mushroom,Coactivation,Top-Right,1.85,0.5,Multi-Agent,6-3-M20,"('Lucky grass', 'Tall Mushroom')"
6,3,94,595,Lucky grass,Reward,Top-Left,1.85,0,Multi-Agent,6-3-M21,"('Lucky grass', 'Tall Mushroom')"
6,3,94,595,Tall Mushroom,Coactivation,Bottom-Left,1.85,0.5,Multi-Agent,6-3-M21,"('Lucky grass', 'Tall Mushroom')"
6,3,94.5,595.5,Fat Mushroom,Threat,Bottom-Right,1.85,0,Multi-Agent,6-3-M22,"('Fat Mushroom', 'Toxic Vine')"
6,3,94.5,595.5,Toxic Vine,Coactivation,Top-Left,1.85,0.5,Multi-Agent,6-3-M22,"('Fat Mushroom', 'Toxic Vine')"
6,3,95,596,Fat Mushroom,Reward,Bottom-Left,1.85,0,Multi-Agent,6-3-M23,"('Fat Mushroom', 'Lucky grass', 'Tall Mushroom', 'Toxic Vine')"
6,3,95,596,Lucky grass,Threat,Bottom-Right,1.85,0,Multi-Agent,6-3-M23,"('Fat Mushroom', 'Lucky grass', 'Tall Mushroom', 'Toxic Vine')"
6,3,95,596,Tall Mushroom,Coactivation,Top-Left,1.85,0,Multi-Agent,6-3-M23,"('Fat Mushroom', 'Lucky grass', 'Tall Mushroom', 'Toxic Vine')"
6,3,95,596,Toxic Vine,Coactivation,Top-Right,1.85,0.5,Multi-Agent,6-3-M23,"('Fat Mushroom', 'Lucky grass', 'Tall Mushroom', 'Toxic Vine')"
6,3,95.5,596.5,Lucky grass,Reward,Top-Left,1.85,0,Multi-Agent,6-3-M24,"('Lucky grass', 'Toxic Vine')"
6,3,95.5,596.5,Toxic Vine,Threat,Top-Right,1.85,0.5,Multi-Agent,6-3-M24,"('Lucky grass', 'Toxic Vine')"
6,3,96,597,Fat Mushroom,Threat,Top-Right,1.85,0,Multi-Agent,6-3-M25,"('Fat Mushroom', 'Toxic Vine')"
6,3,96,597,Toxic Vine,Coactivation,Top-Left,1.85,0.5,Multi-Agent,6-3-M25,"('Fat Mushroom', 'Toxic Vine')"
6,3,96.5,597.5,Fat Mushroom,Reward,Bottom-Left,1.85,0,Multi-Agent,6-3-M26,"('Fat Mushroom', 'Lucky grass', 'Toxic Vine')"
6,3,96.5,597.5,Lucky grass,Threat,Bottom-Right,1.85,0,Multi-Agent,6-3-M26,"('Fat Mushroom', 'Lucky grass', 'Toxic Vine')"
6,3,96.5,597.5,Toxic Vine,Coactivation,Top-Left,1.85,0.5,Multi-Agent,6-3-M26,"('Fat Mushroom', 'Lucky grass', 'Toxic Vine')"
6,3,97,598,Fat Mushroom,Threat,Bottom-Right,1.85,0,Multi-Agent,6-3-M27,"('Fat Mushroom', 'Toxic Vine')"
6,3,97,598,Toxic Vine,Coactivation,Top-Right,1.85,0.5,Multi-Agent,6-3-M27,"('Fat Mushroom', 'Toxic Vine')"
6,3,97.5,598.5,Fat Mushroom,Reward,Top-Right,1.85,0,Multi-Agent,6-3-M28,"('Fat Mushroom', 'Lucky grass')"
6,3,97.5,598.5,Lucky grass,Coactivation,Top-Left,1.85,0.5,Multi-Agent,6-3-M28,"('Fat Mushroom', 'Lucky grass')"
6,3,98,599,Lucky grass,Reward,Top-Left,1.85,0,Multi-Agent,6-3-M29,"('Lucky grass', 'Tall Mushroom')"
6,3,98,599,Tall Mushroom,Coactivation,Top-Right,1.85,0.5,Multi-Agent,6-3-M29,"('Lucky grass', 'Tall Mushroom')"
6,3,98.5,599.5,Lucky grass,Reward,Bottom-Right,1.85,0,Multi-Agent,6-3-M30,"('Lucky grass', 'Tall Mushroom', 'Toxic Vine')"
6,3,98.5,599.5,Tall Mushroom,Threat,Bottom-Left,1.85,0,Multi-Agent,6-3-M30,"('Lucky grass', 'Tall Mushroom', 'Toxic Vine')"
6,3,98.5,599.5,Toxic Vine,Coactivation,Top-Right,1.85,0,Multi-Agent,6-3-M30,"('Lucky grass', 'Tall Mushroom', 'Toxic Vine')"
